??,??,????,????,??,??,???,???,??,?????%,????,??
????,??,2025-06-06 04:00,2025-06-06 17:15,101862.01,103695.53,103695.53,99802.36,????,-100.00,13.25,4H??40??
????,??,2025-06-06 08:00,2025-06-06 15:15,101447.65,103273.71,103273.71,99396.38,????,-100.00,7.25,4H??40??
????,??,2025-06-09 20:00,2025-06-10 05:15,107710.77,109877.69,105771.98,109888.68,??,95.54,9.25,4H??40??
????,??,2025-06-10 04:00,2025-06-12 21:30,108528.15,106574.64,106574.64,110722.59,????,-100.00,65.50,4H??40??
????,??,2025-06-10 08:00,2025-06-12 06:15,110231.02,108246.86,108246.86,112459.89,????,-100.00,46.25,4H??40??
????,??,2025-06-21 04:00,2025-06-22 05:30,103240.87,101163.46,105099.21,101153.34,??,95.66,25.50,4H??40??
????,??,2025-06-22 04:00,2025-06-22 22:15,102207.38,100150.76,104047.11,100140.75,??,95.66,18.25,4H??40??
????,??,2025-06-22 08:00,2025-06-22 22:15,102059.69,100006.05,103896.77,99996.05,??,95.66,14.25,4H??40??
????,??,2025-06-23 00:00,2025-06-23 06:15,98836.52,100615.57,100615.57,96838.04,????,-100.00,6.25,4H??40??
????,??,2025-06-25 20:00,2025-07-02 04:00,107141.01,105212.47,105212.47,109307.40,????,-100.00,152.00,4H??40??
????,??,2025-06-29 20:00,2025-07-01 17:30,108439.04,106487.14,106487.14,110631.68,????,-100.00,45.50,4H??40??
????,??,2025-07-03 04:00,2025-07-04 22:00,109638.46,107664.97,107664.97,111855.35,????,-100.00,42.00,4H??40??
????,??,2025-07-10 04:00,2025-07-11 05:15,111722.07,113969.69,109711.07,113981.09,??,95.54,25.25,4H??40??
????,??,2025-07-11 04:00,2025-07-11 05:15,113237.42,115515.53,111199.15,115527.08,??,95.54,1.25,4H??40??
????,??,2025-07-11 08:00,2025-07-11 13:45,116004.60,118338.38,113916.52,118350.21,??,95.54,5.75,4H??40??
????,??,2025-07-14 12:00,2025-07-14 15:30,120813.98,123244.51,118639.33,123256.84,??,95.54,3.50,4H??40??
????,??,2025-07-14 16:00,2025-07-14 23:00,122788.18,120577.99,120577.99,125270.95,????,-100.00,7.00,4H??40??
????,??,2025-08-02 04:00,2025-08-04 22:00,113259.67,115298.35,115298.35,110969.56,????,-100.00,66.00,4H??40??
????,??,2025-08-03 04:00,2025-08-03 19:00,112172.88,114191.99,114191.99,109904.75,????,-100.00,15.00,4H??40??
????,??,2025-08-10 12:00,2025-08-11 10:00,118530.45,120915.04,116396.90,120927.14,??,95.54,22.00,4H??40??
????,??,2025-08-11 00:00,2025-08-11 10:00,118797.38,121187.34,116659.03,121199.46,??,95.54,10.00,4H??40??
????,??,2025-08-11 08:00,2025-08-11 10:15,119317.93,121718.37,117170.21,121730.54,??,95.54,2.25,4H??40??
????,??,2025-08-11 12:00,2025-08-11 21:00,121718.17,119527.24,119527.24,124179.31,????,-100.00,9.00,4H??40??
????,??,2025-08-14 04:00,2025-08-14 20:15,122784.48,120574.36,120574.36,125267.18,????,-100.00,16.25,4H??40??
????,??,2025-08-14 08:00,2025-08-14 18:30,123374.04,121153.30,121153.30,125868.66,????,-100.00,10.50,4H??40??
????,??,2025-08-18 12:00,2025-08-20 02:30,115245.77,112926.80,117320.20,112915.50,??,95.66,38.50,4H??40??
????,??,2025-08-20 00:00,2025-08-22 22:30,113722.63,115769.63,115769.63,111423.16,????,-100.00,70.50,4H??40??
????,??,2025-08-20 04:00,2025-08-22 22:00,113055.99,115091.00,115091.00,110770.00,????,-100.00,66.00,4H??40??
????,??,2025-08-22 04:00,2025-08-22 22:00,112142.78,114161.35,114161.35,109875.26,????,-100.00,18.00,4H??40??
????,??,2025-08-26 08:00,2025-08-27 07:00,110062.99,112044.13,112044.13,107837.52,????,-100.00,23.00,4H??40??
????,??,2025-08-30 00:00,2025-09-02 11:00,108322.97,110272.78,110272.78,106132.68,????,-100.00,83.00,4H??40??
????,??,2025-09-11 00:00,2025-09-12 08:45,113828.38,116118.38,111779.47,116129.99,??,95.54,32.75,4H??40??
????,??,2025-09-11 12:00,2025-09-15 14:00,114358.53,116659.20,112300.08,116670.86,??,95.54,98.00,4H??40??
????,??,2025-09-12 08:00,2025-09-18 11:30,115449.44,117772.05,113371.35,117783.83,??,95.54,147.50,4H??40??
????,??,2025-09-13 04:00,2025-09-15 21:30,116586.66,114488.10,114488.10,118944.04,????,-100.00,65.50,4H??40??
????,??,2025-09-17 04:00,2025-09-18 02:45,116775.68,114673.71,114673.71,119136.88,????,-100.00,22.75,4H??40??
????,??,2025-09-17 16:00,2025-09-18 02:15,117122.01,115013.81,115013.81,119490.22,????,-100.00,10.25,4H??40??
????,??,2025-09-18 12:00,2025-09-19 23:00,117558.65,115442.60,115442.60,119935.69,????,-100.00,35.00,4H??40??
????,??,2025-09-26 04:00,2025-09-29 06:00,109315.87,111283.55,111283.55,107105.50,????,-100.00,74.00,4H??40??
????,??,2025-10-01 20:00,2025-10-02 08:00,116740.27,119088.85,114638.95,119100.76,??,95.54,12.00,4H??40??
????,??,2025-10-02 00:00,2025-10-02 22:30,117375.64,119737.00,115262.87,119748.97,??,95.54,22.50,4H??40??
????,??,2025-10-02 08:00,2025-10-03 03:00,118572.26,120957.69,116437.96,120969.79,??,95.54,19.00,4H??40??
????,??,2025-10-02 12:00,2025-10-03 23:15,118702.97,121091.03,116566.32,121103.14,??,95.54,35.25,4H??40??
????,??,2025-10-03 00:00,2025-10-03 23:45,119892.69,122304.69,117734.62,122316.92,??,95.54,23.75,4H??40??
????,??,2025-10-03 04:00,2025-10-04 00:00,120788.48,123218.50,118614.29,123230.82,??,95.54,20.00,4H??40??
????,??,2025-10-04 00:00,2025-10-05 12:45,122227.32,124686.29,120027.23,124698.76,??,95.54,36.75,4H??40??
????,??,2025-10-04 04:00,2025-10-05 12:45,122608.66,125075.30,120401.70,125087.81,??,95.54,32.75,4H??40??
????,??,2025-10-05 16:00,2025-10-05 18:00,124715.57,122470.69,122470.69,127237.32,????,-100.00,2.00,4H??40??
????,??,2025-10-27 08:00,2025-10-29 04:15,114519.85,112458.49,112458.49,116835.44,????,-100.00,44.25,4H??40??
????,??,2025-10-31 00:00,2025-10-31 09:00,107645.83,109583.46,109583.46,105469.24,????,-100.00,9.00,4H??40??
????,??,2025-10-31 04:00,2025-10-31 08:00,106474.35,108390.89,108390.89,104321.44,????,-100.00,4.00,4H??40??
????,??,2025-11-04 00:00,2025-11-04 01:15,105691.03,107593.47,107593.47,103553.96,????,-100.00,1.25,4H??40??
????,??,2025-11-04 16:00,2025-11-05 00:45,104433.86,102332.44,106313.66,102322.20,??,95.66,8.75,4H??40??
????,??,2025-11-05 00:00,2025-11-05 01:15,103145.28,101069.79,105001.90,101059.69,??,95.66,1.25,4H??40??
????,??,2025-11-05 04:00,2025-11-05 13:00,100487.05,102295.82,102295.82,98455.20,????,-100.00,9.00,4H??40??
????,??,2025-11-14 04:00,2025-11-14 07:30,98619.54,100394.69,100394.69,96625.45,????,-100.00,3.50,4H??40??
????,??,2025-11-14 16:00,2025-11-14 20:30,97076.59,95123.21,98823.97,95113.70,??,95.66,4.50,4H??40??
????,??,2025-11-18 04:00,2025-11-18 11:30,91642.03,89798.01,93291.59,89789.03,??,95.66,7.50,4H??40??
????,??,2025-11-18 12:00,2025-11-18 23:15,90798.22,92432.59,92432.59,88962.28,????,-100.00,11.25,4H??40??
????,??,2025-11-20 04:00,2025-11-20 05:15,88839.82,90438.93,90438.93,87043.47,????,-100.00,1.25,4H??40??
????,??,2025-11-21 04:00,2025-11-21 15:15,86870.11,85122.11,88433.77,85113.60,??,95.66,11.25,4H??40??
????,??,2025-11-21 12:00,2025-11-21 15:30,85781.62,84055.52,87325.69,84047.12,??,95.66,3.50,4H??40??
????,??,2025-11-21 16:00,2025-11-21 17:45,83991.60,82301.52,85503.45,82293.29,??,95.66,1.75,4H??40??
????,??,2025-12-02 00:00,2025-12-02 05:15,84628.44,86151.75,86151.75,82917.25,????,-100.00,5.25,4H??40??
????,??,2025-12-15 08:00,2025-12-15 10:15,88105.69,89691.59,89691.59,86324.19,????,-100.00,2.25,4H??40??
????,??,2025-12-16 00:00,2025-12-16 02:30,86975.70,85225.57,88541.26,85217.05,??,95.66,2.50,4H??40??
????,??,2025-12-16 04:00,2025-12-16 21:30,86087.69,87637.27,87637.27,84347.00,????,-100.00,17.50,4H??40??
????,??,2025-12-19 04:00,2025-12-19 11:00,84424.56,85944.20,85944.20,82717.49,????,-100.00,7.00,4H??40??
????,??,2026-01-04 12:00,2026-01-05 09:30,91203.72,93038.55,89562.05,93047.86,??,95.54,21.50,4H??40??
????,??,2026-01-05 12:00,2026-01-06 04:15,92853.38,94721.41,91182.02,94730.88,??,95.54,16.25,4H??40??
????,??,2026-01-06 00:00,2026-01-07 01:30,93918.39,92227.86,92227.86,95817.42,????,-100.00,25.50,4H??40??
????,??,2026-01-06 04:00,2026-01-07 00:30,94254.42,92557.84,92557.84,96160.25,????,-100.00,20.50,4H??40??
????,??,2026-01-14 04:00,2026-01-14 06:00,94190.42,96085.34,92494.99,96094.95,??,95.54,2.00,4H??40??
????,??,2026-01-14 08:00,2026-01-15 00:00,95403.74,97323.07,93686.47,97332.80,??,95.54,16.00,4H??40??
????,??,2026-01-15 04:00,2026-01-15 23:45,97222.92,95472.91,95472.91,99188.77,????,-100.00,19.75,4H??40??
????,??,2026-01-21 04:00,2026-01-21 06:30,89670.93,87866.57,91285.01,87857.79,??,95.66,2.50,4H??40??
????,??,2026-01-21 08:00,2026-01-21 13:45,88378.46,89969.27,89969.27,86591.45,????,-100.00,5.75,4H??40??
????,??,2026-01-26 04:00,2026-01-26 15:15,86456.25,88012.47,88012.47,84708.11,????,-100.00,11.25,4H??40??
????,??,2026-01-30 00:00,2026-01-30 09:30,84893.01,83184.79,86421.08,83176.47,??,95.66,9.50,4H??40??
????,??,2026-01-30 04:00,2026-01-30 09:30,83959.80,82270.36,85471.08,82262.14,??,95.66,5.50,4H??40??
????,??,2026-01-30 12:00,2026-01-31 02:45,82623.54,84110.76,84110.76,80952.89,????,-100.00,14.75,4H??40??
????,??,2026-02-01 04:00,2026-02-01 07:15,77704.43,79103.11,79103.11,76133.25,????,-100.00,3.25,4H??40??
????,??,2026-02-05 12:00,2026-02-05 20:15,71187.78,69755.34,72469.16,69748.36,??,95.66,8.25,4H??40??
????,??,2026-02-05 16:00,2026-02-05 20:15,70710.03,69287.20,71982.81,69280.27,??,95.66,4.25,4H??40??
????,??,2026-02-06 00:00,2026-02-06 02:15,67449.75,66092.53,68663.85,66085.92,??,95.66,2.25,4H??40??
????,??,2026-02-06 04:00,2026-02-06 04:15,65234.18,63921.53,66408.39,63915.14,??,95.66,0.25,4H??40??
????,??,2026-02-06 08:00,2026-02-06 08:00,62867.31,61602.30,63998.92,61596.14,??,95.66,0.00,4H??40??
????,??,2026-02-23 12:00,2026-02-23 17:30,64892.71,66060.78,66060.78,63580.58,????,-100.00,5.50,4H??40??
????,??,2026-02-24 12:00,2026-02-25 03:00,63555.84,64699.85,64699.85,62270.74,????,-100.00,15.00,4H??40??
????,??,2026-02-24 16:00,2026-02-25 00:00,63153.98,64290.76,64290.76,61877.01,????,-100.00,8.00,4H??40??
????,??,2026-03-04 20:00,2026-03-04 22:30,71095.51,72525.81,69815.79,72533.06,??,95.54,2.50,4H??40??
????,??,2026-03-05 00:00,2026-03-05 14:00,73359.54,72039.06,72039.06,74842.87,????,-100.00,14.00,4H??40??
????,??,2026-03-05 04:00,2026-03-05 13:45,73594.76,72270.05,72270.05,75082.84,????,-100.00,9.75,4H??40??
????,??,2026-03-13 20:00,2026-03-13 22:15,72207.22,73659.88,70907.49,73667.25,??,95.54,2.25,4H??40??
????,??,2026-03-17 08:00,2026-03-17 21:45,74849.68,73502.39,73502.39,76363.14,????,-100.00,13.75,4H??40??
????,??,2026-03-22 20:00,2026-03-23 19:00,68175.28,69402.44,69402.44,66796.78,????,-100.00,23.00,4H??40??
????,??,2026-03-23 08:00,2026-03-23 19:00,67824.12,69044.95,69044.95,66452.71,????,-100.00,11.00,4H??40??
????,??,2026-03-27 20:00,2026-03-30 06:45,66653.23,65312.04,67852.99,65305.51,??,95.66,58.75,4H??40??
????,??,2026-03-28 00:00,2026-03-28 23:15,66084.89,67274.42,67274.42,64748.65,????,-100.00,23.25,4H??40??
????,??,2026-04-06 20:00,2026-04-07 07:00,69599.36,68346.57,68346.57,71006.66,????,-100.00,11.00,4H??40??
????,??,2026-04-08 08:00,2026-04-09 08:45,71911.89,70617.48,70617.48,73365.95,????,-100.00,24.75,4H??40??
????,??,2026-04-12 04:00,2026-04-12 09:30,73666.97,72340.96,72340.96,75156.51,????,-100.00,5.50,4H??40??
????,??,2026-04-14 08:00,2026-04-14 22:30,74392.84,75889.47,73053.77,75897.06,??,95.54,14.50,4H??40??
????,??,2026-04-15 00:00,2026-04-15 02:45,75287.93,73932.75,73932.75,76810.25,????,-100.00,2.75,4H??40??
????,??,2026-04-18 00:00,2026-04-18 18:00,77747.87,76348.41,76348.41,79319.94,????,-100.00,18.00,4H??40??
????,??,2026-04-23 00:00,2026-04-23 08:15,79241.02,77814.68,77814.68,80843.28,????,-100.00,8.25,4H??40??
????,??,2026-05-04 12:00,2026-05-04 18:00,80292.73,78847.46,78847.46,81916.25,????,-100.00,6.00,4H??40??
????,??,2026-05-05 12:00,2026-05-06 19:15,80856.68,82483.36,79401.26,82491.61,??,95.54,31.25,4H??40??
????,??,2026-05-06 00:00,2026-05-07 22:30,81492.55,80025.68,80025.68,83140.33,????,-100.00,46.50,4H??40??
????,??,2026-05-06 20:00,2026-05-07 07:00,82498.25,81013.28,81013.28,84166.36,????,-100.00,11.00,4H??40??
????,??,2026-05-16 16:00,2026-05-18 07:30,78325.57,76749.50,79735.43,76741.82,??,95.66,39.50,4H??40??
????,??,2026-05-18 08:00,2026-05-23 03:30,77407.26,75849.67,78800.59,75842.08,??,95.66,115.50,4H??40??
????,??,2026-05-19 00:00,2026-05-20 23:15,76376.36,77751.14,77751.14,74832.03,????,-100.00,47.25,4H??40??
????,??,2026-05-23 04:00,2026-05-23 15:45,75822.82,74297.11,77187.63,74289.68,??,95.66,11.75,4H??40??
????,??,2026-05-23 08:00,2026-05-24 04:30,75501.15,76860.17,76860.17,73974.52,????,-100.00,20.50,4H??40??
????,??,2026-05-23 16:00,2026-05-24 02:30,74568.84,75911.08,75911.08,73061.06,????,-100.00,10.50,4H??40??
????,??,2026-05-28 12:00,2026-05-29 09:30,73220.68,73510.05,74538.65,71740.16,????,-100.00,21.50,4H??40??
????,??,2025-08-01 20:00,2025-08-02 03:30,115255.52,113180.92,113180.92,117585.99,????,-100.00,7.50,???60????
????,??,2025-08-02 00:00,2025-08-02 03:15,115324.13,113248.30,113248.30,117655.99,????,-100.00,3.25,???60????
????,??,2025-08-11 16:00,2025-08-12 03:45,121533.75,119088.24,123721.35,119076.33,??,95.66,11.75,???60????
????,??,2025-08-30 08:00,2025-09-02 11:15,108346.63,110526.35,106396.39,110537.40,??,95.54,75.25,???60????
????,??,2025-08-30 12:00,2025-09-02 11:15,108397.24,110577.97,106446.09,110589.03,??,95.54,71.25,???60????
????,??,2025-09-12 12:00,2025-09-17 14:45,115131.59,117203.95,117203.95,112803.63,????,-100.00,122.75,???60????
????,??,2025-11-04 20:00,2025-11-05 00:15,104547.25,102665.40,102665.40,106661.20,????,-100.00,4.25,???60????
????,??,2025-11-05 08:00,2025-11-05 09:15,101446.54,99620.51,99620.51,103497.79,????,-100.00,1.25,???60????
????,??,2025-11-05 12:00,2025-11-06 02:30,102096.01,104149.97,100258.28,104160.39,??,95.54,14.50,???60????
????,??,2025-11-08 00:00,2025-11-08 02:15,100760.18,102787.27,98946.49,102797.55,??,95.54,2.25,???60????
????,??,2025-11-15 00:00,2025-11-15 02:45,96761.58,95019.87,95019.87,98718.09,????,-100.00,2.75,???60????
????,??,2025-11-17 08:00,2025-11-18 02:15,94233.82,92537.61,92537.61,96139.23,????,-100.00,18.25,???60????
????,??,2025-12-16 08:00,2025-12-17 22:45,86399.64,88137.83,84844.45,88146.64,??,95.54,38.75,???60????
????,??,2026-01-06 08:00,2026-01-07 01:30,93808.52,91920.90,95497.07,91911.71,??,95.66,17.50,???60????
????,??,2026-01-07 00:00,2026-01-07 01:45,93595.64,91712.31,95280.36,91703.14,??,95.66,1.75,???60????
????,??,2026-01-15 08:00,2026-01-16 23:15,96904.81,94954.89,98649.10,94945.39,??,95.66,39.25,???60????
????,??,2026-02-02 16:00,2026-02-02 20:15,76611.56,78152.83,75232.55,78160.65,??,95.54,4.25,???60????
????,??,2026-02-24 20:00,2026-02-25 01:00,63200.52,64471.99,62062.91,64478.43,??,95.54,5.00,???60????
????,??,2026-03-16 16:00,2026-03-17 05:30,73421.46,74743.04,74743.04,71936.88,????,-100.00,13.50,???60????
????,??,2026-03-17 00:00,2026-03-17 05:30,73233.48,74551.68,74551.68,71752.70,????,-100.00,5.50,???60????
????,??,2026-03-17 12:00,2026-03-18 19:30,74431.36,72933.65,75771.12,72926.35,??,95.66,31.50,???60????
????,??,2026-04-09 00:00,2026-04-10 05:00,71258.17,72540.82,72540.82,69817.33,????,-100.00,29.00,???60????
????,??,2026-04-10 08:00,2026-04-10 22:15,71751.92,73043.46,73043.46,70301.10,????,-100.00,14.25,???60????
????,??,2026-04-14 20:00,2026-04-14 22:15,74342.57,75680.73,75680.73,72839.36,????,-100.00,2.25,???60????
????,??,2026-05-05 16:00,2026-05-06 18:30,80813.72,82268.36,82268.36,79179.66,????,-100.00,26.50,???60????
????,??,2026-05-18 16:00,2026-05-23 03:30,77044.60,75657.80,75657.80,78602.45,????,-100.00,107.50,???60????
????,??,2026-05-23 12:00,2026-05-23 15:45,75612.66,74251.63,74251.63,77141.55,????,-100.00,3.75,???60????
????,??,2026-05-23 20:00,2026-05-24 04:30,74761.38,76265.42,73415.67,76273.05,??,95.54,8.50,???60????
????,??,2026-05-28 16:00,2026-05-29 09:30,73464.75,73495.35,72142.38,74950.20,????,-100.00,17.50,???60????
