策略,方向,入场时间,出场时间,入场价,出场价,初始止损,最终止损,目标价,强平价,杠杆,保证金比例,保证金U,名义仓位U,盈亏U,收益率,入场前权益,出场后权益,出场原因,持仓小时,备注
4H唐奇安趋势_L40_EMA180_ADX22_S2.4_5年固定版_5x_20%,做空,2021-07-16 20:00,2021-07-20 20:00,31091.09,29688.77,32544.03,31044.46,26732.27,36687.49,5,20%,200.00,1000.00,44.13,4.41%,1000.00,1044.13,时间退出,96.00,4H唐奇安趋势_L40_EMA180_ADX22_S2.4 向下跌破40根低点
4H唐奇安趋势_L40_EMA180_ADX22_S2.4_5年固定版_5x_20%,做多,2021-07-24 08:00,2021-07-26 09:00,33651.66,38218.74,32128.03,35050.41,38222.57,27594.37,5,20%,208.83,1044.13,140.59,13.46%,1044.13,1184.72,目标止盈,49.00,4H唐奇安趋势_L40_EMA180_ADX22_S2.4 向上突破40根高点
4H唐奇安趋势_L40_EMA180_ADX22_S2.4_5年固定版_5x_20%,做多,2021-07-26 12:00,2021-07-27 04:00,38290.13,38286.30,36074.94,38290.13,44935.69,31397.91,5,20%,236.94,1184.72,-1.30,-0.11%,1184.72,1183.41,保本止损,16.00,4H唐奇安趋势_L40_EMA180_ADX22_S2.4 向上突破40根高点
4H唐奇安趋势_L40_EMA180_ADX22_S2.4_5年固定版_5x_20%,做多,2021-07-28 20:00,2021-08-01 20:00,40751.07,41582.84,37898.17,39039.06,49309.79,33415.88,5,20%,236.68,1183.41,22.96,1.94%,1183.41,1206.37,时间退出,96.00,4H唐奇安趋势_L40_EMA180_ADX22_S2.4 向上突破40根高点
4H唐奇安趋势_L40_EMA180_ADX22_S2.4_5年固定版_5x_20%,做多,2021-08-08 08:00,2021-08-12 08:00,44595.76,45506.75,41776.23,43281.36,53054.36,36568.52,5,20%,241.27,1206.37,23.42,1.94%,1206.37,1229.80,时间退出,96.00,4H唐奇安趋势_L40_EMA180_ADX22_S2.4 向上突破40根高点
4H唐奇安趋势_L40_EMA180_ADX22_S2.4_5年固定版_5x_20%,做多,2021-08-21 08:00,2021-08-25 08:00,49324.53,47675.53,46908.52,47539.30,56572.56,40446.12,5,20%,245.96,1229.80,-42.32,-3.44%,1229.80,1187.47,时间退出,96.00,4H唐奇安趋势_L40_EMA180_ADX22_S2.4 向上突破40根高点
4H唐奇安趋势_L40_EMA180_ADX22_S2.4_5年固定版_5x_20%,做多,2021-09-15 20:00,2021-09-19 20:00,47557.56,47329.17,45307.21,46058.81,54308.60,38997.20,5,20%,237.49,1187.47,-6.89,-0.58%,1187.47,1180.59,时间退出,96.00,4H唐奇安趋势_L40_EMA180_ADX22_S2.4 向上突破40根高点
4H唐奇安趋势_L40_EMA180_ADX22_S2.4_5年固定版_5x_20%,做空,2021-09-20 20:00,2021-09-21 10:45,43724.03,43050.97,46094.73,43046.67,36611.91,51594.35,5,20%,236.12,1180.59,17.00,1.44%,1180.59,1197.59,跟踪止损,14.75,4H唐奇安趋势_L40_EMA180_ADX22_S2.4 向下跌破40根低点
4H唐奇安趋势_L40_EMA180_ADX22_S2.4_5年固定版_5x_20%,做多,2021-10-01 20:00,2021-10-05 20:00,47512.55,49882.51,44704.04,47512.55,55938.08,38960.29,5,20%,239.52,1197.59,58.51,4.89%,1197.59,1256.10,时间退出,96.00,4H唐奇安趋势_L40_EMA180_ADX22_S2.4 向上突破40根高点
4H唐奇安趋势_L40_EMA180_ADX22_S2.4_5年固定版_5x_20%,做多,2021-10-06 04:00,2021-10-10 04:00,51196.12,54661.63,48792.76,53217.07,58406.20,41980.82,5,20%,251.22,1256.10,83.73,6.67%,1256.10,1339.82,时间退出,96.00,4H唐奇安趋势_L40_EMA180_ADX22_S2.4 向上突破40根高点
4H唐奇安趋势_L40_EMA180_ADX22_S2.4_5年固定版_5x_20%,做多,2021-10-12 00:00,2021-10-13 04:00,57455.44,54407.17,54412.61,54412.61,66583.95,47113.46,5,20%,267.96,1339.82,-72.39,-5.40%,1339.82,1267.44,初始止损,28.00,4H唐奇安趋势_L40_EMA180_ADX22_S2.4 向上突破40根高点
4H唐奇安趋势_L40_EMA180_ADX22_S2.4_5年固定版_5x_20%,做多,2021-10-14 12:00,2021-10-18 04:15,58091.21,59178.81,54905.68,59184.73,67647.78,47634.79,5,20%,253.49,1267.44,22.45,1.77%,1267.44,1289.89,跟踪止损,88.25,4H唐奇安趋势_L40_EMA180_ADX22_S2.4 向上突破40根高点
4H唐奇安趋势_L40_EMA180_ADX22_S2.4_5年固定版_5x_20%,做多,2021-11-08 12:00,2021-11-11 04:45,65241.62,66098.21,62792.55,66104.82,72588.83,53498.13,5,20%,257.98,1289.89,15.64,1.21%,1289.89,1305.52,跟踪止损,64.75,4H唐奇安趋势_L40_EMA180_ADX22_S2.4 向上突破40根高点
4H唐奇安趋势_L40_EMA180_ADX22_S2.4_5年固定版_5x_20%,做空,2021-11-19 00:00,2021-11-21 07:00,58099.29,59787.46,61449.16,59781.48,48049.67,68557.16,5,20%,261.10,1305.52,-39.26,-3.01%,1305.52,1266.27,跟踪止损,55.00,4H唐奇安趋势_L40_EMA180_ADX22_S2.4 向下跌破40根低点
4H唐奇安趋势_L40_EMA180_ADX22_S2.4_5年固定版_5x_20%,做空,2021-12-04 16:00,2021-12-08 16:00,47231.98,50501.25,52290.91,52290.91,32055.19,55733.73,5,20%,253.25,1266.27,-88.96,-7.03%,1266.27,1177.31,时间退出,96.00,4H唐奇安趋势_L40_EMA180_ADX22_S2.4 向下跌破40根低点
4H唐奇安趋势_L40_EMA180_ADX22_S2.4_5年固定版_5x_20%,做多,2021-12-24 04:00,2021-12-28 04:00,51114.11,51200.38,48917.79,49361.89,57703.07,41913.57,5,20%,235.46,1177.31,0.81,0.07%,1177.31,1178.12,时间退出,96.00,4H唐奇安趋势_L40_EMA180_ADX22_S2.4 向上突破40根高点
4H唐奇安趋势_L40_EMA180_ADX22_S2.4_5年固定版_5x_20%,做空,2021-12-29 04:00,2021-12-31 16:45,47672.03,48564.41,49807.75,48559.56,41264.89,56253.00,5,20%,235.62,1178.12,-23.24,-1.97%,1178.12,1154.87,跟踪止损,60.75,4H唐奇安趋势_L40_EMA180_ADX22_S2.4 向下跌破40根低点
4H唐奇安趋势_L40_EMA180_ADX22_S2.4_5年固定版_5x_20%,做空,2022-01-01 04:00,2022-01-05 04:00,45711.33,46071.61,48065.91,48065.91,38647.58,53939.37,5,20%,230.97,1154.87,-10.26,-0.89%,1154.87,1144.61,时间退出,96.00,4H唐奇安趋势_L40_EMA180_ADX22_S2.4 向下跌破40根低点
4H唐奇安趋势_L40_EMA180_ADX22_S2.4_5年固定版_5x_20%,做空,2022-01-07 12:00,2022-01-11 12:00,41806.12,42271.03,44122.94,42512.20,34855.65,49331.22,5,20%,228.92,1144.61,-13.88,-1.21%,1144.61,1130.73,时间退出,96.00,4H唐奇安趋势_L40_EMA180_ADX22_S2.4 向下跌破40根低点
4H唐奇安趋势_L40_EMA180_ADX22_S2.4_5年固定版_5x_20%,做空,2022-01-22 08:00,2022-01-25 02:45,36451.15,36286.41,39149.26,36282.78,28356.83,43012.36,5,20%,226.15,1130.73,3.98,0.35%,1130.73,1134.71,跟踪止损,66.75,4H唐奇安趋势_L40_EMA180_ADX22_S2.4 向下跌破40根低点
4H唐奇安趋势_L40_EMA180_ADX22_S2.4_5年固定版_5x_20%,做多,2022-02-05 04:00,2022-02-08 20:15,40731.57,42900.80,38584.77,42905.09,47171.98,33399.89,5,20%,226.94,1134.71,59.27,5.22%,1134.71,1193.98,跟踪止损,88.25,4H唐奇安趋势_L40_EMA180_ADX22_S2.4 向上突破40根高点
4H唐奇安趋势_L40_EMA180_ADX22_S2.4_5年固定版_5x_20%,做空,2022-02-18 08:00,2022-02-22 08:00,40501.55,37011.10,42623.22,39430.27,34136.55,47791.83,5,20%,238.80,1193.98,101.76,8.52%,1193.98,1295.74,时间退出,96.00,4H唐奇安趋势_L40_EMA180_ADX22_S2.4 向下跌破40根低点
4H唐奇安趋势_L40_EMA180_ADX22_S2.4_5年固定版_5x_20%,做空,2022-02-22 12:00,2022-02-23 19:45,36589.04,39079.07,39075.16,39075.16,29130.68,43175.07,5,20%,259.15,1295.74,-89.52,-6.91%,1295.74,1206.22,初始止损,31.75,4H唐奇安趋势_L40_EMA180_ADX22_S2.4 向下跌破40根低点
4H唐奇安趋势_L40_EMA180_ADX22_S2.4_5年固定版_5x_20%,做空,2022-02-24 12:00,2022-02-25 04:00,34924.01,37511.61,37507.86,37507.86,27172.44,41210.33,5,20%,241.24,1206.22,-90.62,-7.51%,1206.22,1115.59,初始止损,16.00,4H唐奇安趋势_L40_EMA180_ADX22_S2.4 向下跌破40根低点
4H唐奇安趋势_L40_EMA180_ADX22_S2.4_5年固定版_5x_20%,做空,2022-03-07 12:00,2022-03-09 11:15,37861.71,40024.90,40020.90,40020.90,31384.15,44676.82,5,20%,223.12,1115.59,-64.89,-5.82%,1115.59,1050.71,初始止损,47.25,4H唐奇安趋势_L40_EMA180_ADX22_S2.4 向下跌破40根低点
4H唐奇安趋势_L40_EMA180_ADX22_S2.4_5年固定版_5x_20%,做多,2022-03-19 04:00,2022-03-23 04:00,42029.70,42282.07,40078.48,41041.45,47883.36,34464.36,5,20%,210.14,1050.71,5.26,0.50%,1050.71,1055.96,时间退出,96.00,4H唐奇安趋势_L40_EMA180_ADX22_S2.4 向上突破40根高点
4H唐奇安趋势_L40_EMA180_ADX22_S2.4_5年固定版_5x_20%,做多,2022-03-25 00:00,2022-03-29 00:00,43992.30,47424.06,42204.37,45714.46,49356.09,36073.69,5,20%,211.19,1055.96,81.28,7.70%,1055.96,1137.24,时间退出,96.00,4H唐奇安趋势_L40_EMA180_ADX22_S2.4 向上突破40根高点
4H唐奇安趋势_L40_EMA180_ADX22_S2.4_5年固定版_5x_20%,做空,2022-04-09 08:00,2022-04-13 08:00,42246.67,40074.31,44129.02,41487.52,36599.65,49851.08,5,20%,227.45,1137.24,57.37,5.04%,1137.24,1194.61,时间退出,96.00,4H唐奇安趋势_L40_EMA180_ADX22_S2.4 向下跌破40根低点
4H唐奇安趋势_L40_EMA180_ADX22_S2.4_5年固定版_5x_20%,做多,2022-04-21 20:00,2022-04-22 04:30,42443.34,40898.20,40902.29,40902.29,47066.51,34803.54,5,20%,238.92,1194.61,-44.66,-3.74%,1194.61,1149.95,初始止损,8.50,4H唐奇安趋势_L40_EMA180_ADX22_S2.4 向上突破40根高点
4H唐奇安趋势_L40_EMA180_ADX22_S2.4_5年固定版_5x_20%,做空,2022-04-25 16:00,2022-04-26 02:45,38441.66,39908.33,39904.34,39904.34,34053.60,45361.15,5,20%,229.99,1149.95,-45.05,-3.92%,1149.95,1104.90,初始止损,10.75,4H唐奇安趋势_L40_EMA180_ADX22_S2.4 向下跌破40根低点
4H唐奇安趋势_L40_EMA180_ADX22_S2.4_5年固定版_5x_20%,做空,2022-05-01 08:00,2022-05-02 12:45,37626.74,39152.19,39148.28,39148.28,33062.12,44399.55,5,20%,220.98,1104.90,-45.92,-4.16%,1104.90,1058.98,初始止损,28.75,4H唐奇安趋势_L40_EMA180_ADX22_S2.4 向下跌破40根低点
4H唐奇安趋势_L40_EMA180_ADX22_S2.4_5年固定版_5x_20%,做空,2022-05-06 00:00,2022-05-10 00:00,36896.31,32363.34,38705.34,34306.81,31469.21,43537.65,5,20%,211.80,1058.98,129.11,12.19%,1058.98,1188.09,时间退出,96.00,4H唐奇安趋势_L40_EMA180_ADX22_S2.4 向下跌破40根低点
4H唐奇安趋势_L40_EMA180_ADX22_S2.4_5年固定版_5x_20%,做空,2022-05-10 04:00,2022-05-10 14:15,30940.31,32369.71,33061.88,32366.47,24575.59,36509.56,5,20%,237.62,1188.09,-56.10,-4.72%,1188.09,1131.99,跟踪止损,10.25,4H唐奇安趋势_L40_EMA180_ADX22_S2.4 向下跌破40根低点
4H唐奇安趋势_L40_EMA180_ADX22_S2.4_5年固定版_5x_20%,做空,2022-06-12 00:00,2022-06-13 16:30,28412.76,24442.46,29737.01,26198.16,24440.01,33527.05,5,20%,226.40,1131.99,157.13,13.88%,1131.99,1289.11,目标止盈,40.50,4H唐奇安趋势_L40_EMA180_ADX22_S2.4 向下跌破40根低点
4H唐奇安趋势_L40_EMA180_ADX22_S2.4_5年固定版_5x_20%,做空,2022-06-13 20:00,2022-06-16 06:15,23719.93,22749.33,25858.04,22747.05,17305.58,27989.51,5,20%,257.82,1289.11,51.49,3.99%,1289.11,1340.60,跟踪止损,58.25,4H唐奇安趋势_L40_EMA180_ADX22_S2.4 向下跌破40根低点
4H唐奇安趋势_L40_EMA180_ADX22_S2.4_5年固定版_5x_20%,做空,2022-06-18 16:00,2022-06-20 02:45,19259.67,20261.42,21406.31,20259.39,12819.76,22726.42,5,20%,268.12,1340.60,-71.10,-5.30%,1340.60,1269.50,跟踪止损,34.75,4H唐奇安趋势_L40_EMA180_ADX22_S2.4 向下跌破40根低点
4H唐奇安趋势_L40_EMA180_ADX22_S2.4_5年固定版_5x_20%,做空,2022-06-30 16:00,2022-07-01 07:45,19428.66,19880.92,20455.22,19878.93,16348.95,22925.82,5,20%,253.90,1269.50,-30.84,-2.43%,1269.50,1238.66,跟踪止损,15.75,4H唐奇安趋势_L40_EMA180_ADX22_S2.4 向下跌破40根低点
4H唐奇安趋势_L40_EMA180_ADX22_S2.4_5年固定版_5x_20%,做空,2022-07-13 04:00,2022-07-14 07:15,19392.26,20171.31,20404.24,20169.30,16356.33,22882.87,5,20%,247.73,1238.66,-51.02,-4.12%,1238.66,1187.63,跟踪止损,27.25,4H唐奇安趋势_L40_EMA180_ADX22_S2.4 向下跌破40根低点
4H唐奇安趋势_L40_EMA180_ADX22_S2.4_5年固定版_5x_20%,做多,2022-07-19 00:00,2022-07-19 03:45,22683.17,21404.59,21406.73,21406.73,26512.47,18600.20,5,20%,237.53,1187.63,-68.10,-5.73%,1187.63,1119.54,初始止损,3.75,4H唐奇安趋势_L40_EMA180_ADX22_S2.4 向上突破40根高点
4H唐奇安趋势_L40_EMA180_ADX22_S2.4_5年固定版_5x_20%,做多,2022-07-20 00:00,2022-07-23 20:00,23130.51,22188.79,21458.50,22191.01,28146.54,18967.02,5,20%,223.91,1119.54,-46.68,-4.17%,1119.54,1072.86,跟踪止损,92.00,4H唐奇安趋势_L40_EMA180_ADX22_S2.4 向上突破40根高点
4H唐奇安趋势_L40_EMA180_ADX22_S2.4_5年固定版_5x_20%,做空,2022-07-27 00:00,2022-07-28 02:00,20746.23,21890.12,21887.93,21887.93,17321.12,24480.55,5,20%,214.57,1072.86,-60.26,-5.62%,1072.86,1012.60,初始止损,26.00,4H唐奇安趋势_L40_EMA180_ADX22_S2.4 向下跌破40根低点
4H唐奇安趋势_L40_EMA180_ADX22_S2.4_5年固定版_5x_20%,做多,2022-07-31 00:00,2022-08-01 06:15,24532.45,23282.67,23285.00,23285.00,28274.82,20116.61,5,20%,202.52,1012.60,-52.57,-5.19%,1012.60,960.03,初始止损,30.25,4H唐奇安趋势_L40_EMA180_ADX22_S2.4 向上突破40根高点
4H唐奇安趋势_L40_EMA180_ADX22_S2.4_5年固定版_5x_20%,做空,2022-08-20 08:00,2022-08-24 08:00,20833.12,21527.55,21945.49,21945.49,17496.00,24583.08,5,20%,192.01,960.03,-32.98,-3.43%,960.03,927.05,时间退出,96.00,4H唐奇安趋势_L40_EMA180_ADX22_S2.4 向下跌破40根低点
4H唐奇安趋势_L40_EMA180_ADX22_S2.4_5年固定版_5x_20%,做空,2022-08-27 08:00,2022-08-31 08:00,20234.48,19815.48,21165.37,20661.41,17441.80,23876.68,5,20%,185.41,927.05,18.28,1.97%,927.05,945.33,时间退出,96.00,4H唐奇安趋势_L40_EMA180_ADX22_S2.4 向下跌破40根低点
4H唐奇安趋势_L40_EMA180_ADX22_S2.4_5年固定版_5x_20%,做多,2022-09-09 20:00,2022-09-13 20:00,20939.29,22524.05,20004.96,21553.71,23742.28,17170.22,5,20%,189.07,945.33,70.56,7.46%,945.33,1015.90,时间退出,96.00,4H唐奇安趋势_L40_EMA180_ADX22_S2.4 向上突破40根高点
4H唐奇安趋势_L40_EMA180_ADX22_S2.4_5年固定版_5x_20%,做空,2022-09-19 12:00,2022-09-19 22:30,18772.92,19294.31,19637.01,19292.38,16180.67,22152.05,5,20%,203.18,1015.90,-29.25,-2.88%,1015.90,986.65,跟踪止损,10.50,4H唐奇安趋势_L40_EMA180_ADX22_S2.4 向下跌破40根低点
4H唐奇安趋势_L40_EMA180_ADX22_S2.4_5年固定版_5x_20%,做空,2022-10-13 20:00,2022-10-13 23:15,18750.82,18705.05,19235.15,18703.18,17297.86,22125.97,5,20%,197.33,986.65,1.42,0.14%,986.65,988.08,跟踪止损,3.25,4H唐奇安趋势_L40_EMA180_ADX22_S2.4 向下跌破40根低点
4H唐奇安趋势_L40_EMA180_ADX22_S2.4_5年固定版_5x_20%,做多,2022-10-26 04:00,2022-10-28 04:15,20278.13,20352.27,19740.40,20354.30,21891.30,16628.06,5,20%,197.62,988.08,2.62,0.27%,988.08,990.70,跟踪止损,48.25,4H唐奇安趋势_L40_EMA180_ADX22_S2.4 向上突破40根高点
4H唐奇安趋势_L40_EMA180_ADX22_S2.4_5年固定版_5x_20%,做多,2022-11-05 12:00,2022-11-07 14:15,21450.04,20751.50,20753.57,20753.57,23539.46,17589.04,5,20%,198.14,990.70,-33.24,-3.35%,990.70,957.46,初始止损,50.25,4H唐奇安趋势_L40_EMA180_ADX22_S2.4 向上突破40根高点
4H唐奇安趋势_L40_EMA180_ADX22_S2.4_5年固定版_5x_20%,做空,2022-11-08 16:00,2022-11-09 00:00,19791.32,20166.92,20551.62,20164.90,17510.43,23353.76,5,20%,191.49,957.46,-19.14,-2.00%,957.46,938.32,跟踪止损,8.00,4H唐奇安趋势_L40_EMA180_ADX22_S2.4 向下跌破40根低点
4H唐奇安趋势_L40_EMA180_ADX22_S2.4_5年固定版_5x_20%,做空,2022-11-09 04:00,2022-11-10 21:30,18250.27,17216.05,19640.46,17214.33,14079.71,21535.32,5,20%,187.66,938.32,52.26,5.57%,938.32,990.59,跟踪止损,41.50,4H唐奇安趋势_L40_EMA180_ADX22_S2.4 向下跌破40根低点
4H唐奇安趋势_L40_EMA180_ADX22_S2.4_5年固定版_5x_20%,做空,2022-11-22 04:00,2022-11-22 21:45,15724.73,16197.20,16332.72,16195.58,13900.74,18555.18,5,20%,198.12,990.59,-30.77,-3.11%,990.59,959.82,跟踪止损,17.75,4H唐奇安趋势_L40_EMA180_ADX22_S2.4 向下跌破40根低点
4H唐奇安趋势_L40_EMA180_ADX22_S2.4_5年固定版_5x_20%,做多,2022-12-15 00:00,2022-12-15 03:00,18053.11,17905.53,17668.44,17907.32,19207.11,14803.55,5,20%,191.96,959.82,-8.80,-0.92%,959.82,951.01,跟踪止损,3.00,4H唐奇安趋势_L40_EMA180_ADX22_S2.4 向上突破40根高点
4H唐奇安趋势_L40_EMA180_ADX22_S2.4_5年固定版_5x_20%,做空,2022-12-17 04:00,2022-12-20 10:30,16865.01,16866.70,17396.82,16865.01,15269.59,19900.72,5,20%,190.20,951.01,-1.05,-0.11%,951.01,949.97,保本止损,78.50,4H唐奇安趋势_L40_EMA180_ADX22_S2.4 向下跌破40根低点
4H唐奇安趋势_L40_EMA180_ADX22_S2.4_5年固定版_5x_20%,做空,2022-12-29 08:00,2022-12-31 05:00,16548.54,16669.40,16814.79,16667.74,15749.81,19527.28,5,20%,189.99,949.97,-7.89,-0.83%,949.97,942.08,跟踪止损,45.00,4H唐奇安趋势_L40_EMA180_ADX22_S2.4 向下跌破40根低点
4H唐奇安趋势_L40_EMA180_ADX22_S2.4_5年固定版_5x_20%,做多,2023-01-09 08:00,2023-01-10 07:00,17131.61,17133.72,16918.49,17135.44,17770.99,14047.92,5,20%,188.42,942.08,-0.83,-0.09%,942.08,941.25,跟踪止损,23.00,4H唐奇安趋势_L40_EMA180_ADX22_S2.4 向上突破40根高点
4H唐奇安趋势_L40_EMA180_ADX22_S2.4_5年固定版_5x_20%,做多,2023-01-11 04:00,2023-01-12 08:45,17430.74,18203.37,17172.59,17684.92,18205.19,14293.21,5,20%,188.25,941.25,40.76,4.33%,941.25,982.01,目标止盈,28.75,4H唐奇安趋势_L40_EMA180_ADX22_S2.4 向上突破40根高点
4H唐奇安趋势_L40_EMA180_ADX22_S2.4_5年固定版_5x_20%,做多,2023-01-12 12:00,2023-01-14 04:15,18224.42,19418.51,17825.75,18914.18,19420.45,14944.03,5,20%,196.40,982.01,63.33,6.45%,982.01,1045.34,目标止盈,40.25,4H唐奇安趋势_L40_EMA180_ADX22_S2.4 向上突破40根高点
4H唐奇安趋势_L40_EMA180_ADX22_S2.4_5年固定版_5x_20%,做多,2023-01-14 08:00,2023-01-14 17:15,19930.89,20664.29,19217.88,20666.35,22069.92,16343.33,5,20%,209.07,1045.34,37.40,3.58%,1045.34,1082.74,跟踪止损,9.25,4H唐奇安趋势_L40_EMA180_ADX22_S2.4 向上突破40根高点
4H唐奇安趋势_L40_EMA180_ADX22_S2.4_5年固定版_5x_20%,做多,2023-01-21 08:00,2023-01-25 08:00,22669.27,22630.74,21743.71,22233.89,25445.94,18588.80,5,20%,216.55,1082.74,-2.92,-0.27%,1082.74,1079.82,时间退出,96.00,4H唐奇安趋势_L40_EMA180_ADX22_S2.4 向上突破40根高点
4H唐奇安趋势_L40_EMA180_ADX22_S2.4_5年固定版_5x_20%,做多,2023-01-30 04:00,2023-01-30 17:30,23906.19,23133.03,23135.35,23135.35,26218.72,19603.08,5,20%,215.96,1079.82,-35.98,-3.33%,1079.82,1043.83,初始止损,13.50,4H唐奇安趋势_L40_EMA180_ADX22_S2.4 向上突破40根高点
4H唐奇安趋势_L40_EMA180_ADX22_S2.4_5年固定版_5x_20%,做空,2023-02-10 08:00,2023-02-14 08:00,21799.92,21780.48,22564.04,22298.33,19507.55,25723.91,5,20%,208.77,1043.83,-0.11,-0.01%,1043.83,1043.72,时间退出,96.00,4H唐奇安趋势_L40_EMA180_ADX22_S2.4 向下跌破40根低点
4H唐奇安趋势_L40_EMA180_ADX22_S2.4_5年固定版_5x_20%,做多,2023-02-16 04:00,2023-02-17 05:30,23328.13,24360.22,22614.96,24362.65,25467.64,19129.07,5,20%,208.74,1043.72,45.11,4.32%,1043.72,1088.83,跟踪止损,25.50,4H唐奇安趋势_L40_EMA180_ADX22_S2.4 向上突破40根高点
4H唐奇安趋势_L40_EMA180_ADX22_S2.4_5年固定版_5x_20%,做空,2023-03-09 08:00,2023-03-10 18:30,21710.43,19743.74,22366.65,20582.34,19741.77,25618.31,5,20%,217.77,1088.83,97.59,8.96%,1088.83,1186.42,目标止盈,34.50,4H唐奇安趋势_L40_EMA180_ADX22_S2.4 向下跌破40根低点
4H唐奇安趋势_L40_EMA180_ADX22_S2.4_5年固定版_5x_20%,做空,2023-03-10 20:00,2023-03-11 09:30,19760.62,20625.41,20623.35,20623.35,17172.45,23317.54,5,20%,237.28,1186.42,-53.13,-4.48%,1186.42,1133.29,初始止损,13.50,4H唐奇安趋势_L40_EMA180_ADX22_S2.4 向下跌破40根低点
4H唐奇安趋势_L40_EMA180_ADX22_S2.4_5年固定版_5x_20%,做多,2023-03-14 00:00,2023-03-15 03:00,24019.50,24593.10,22500.28,24595.56,28577.15,19695.99,5,20%,226.66,1133.29,25.92,2.29%,1133.29,1159.21,跟踪止损,27.00,4H唐奇安趋势_L40_EMA180_ADX22_S2.4 向上突破40根高点
4H唐奇安趋势_L40_EMA180_ADX22_S2.4_5年固定版_5x_20%,做多,2023-03-17 20:00,2023-03-21 20:00,26920.29,28040.40,25213.75,26365.31,32039.92,22074.64,5,20%,231.84,1159.21,47.05,4.06%,1159.21,1206.25,时间退出,96.00,4H唐奇安趋势_L40_EMA180_ADX22_S2.4 向上突破40根高点
4H唐奇安趋势_L40_EMA180_ADX22_S2.4_5年固定版_5x_20%,做多,2023-03-23 00:00,2023-03-23 03:00,28595.96,27240.99,27243.71,27243.71,32652.70,23448.69,5,20%,241.25,1206.25,-58.33,-4.84%,1206.25,1147.92,初始止损,3.00,4H唐奇安趋势_L40_EMA180_ADX22_S2.4 向上突破40根高点
4H唐奇安趋势_L40_EMA180_ADX22_S2.4_5年固定版_5x_20%,做多,2023-04-11 08:00,2023-04-12 23:00,29642.96,29640.00,28849.09,29642.96,32024.59,24307.23,5,20%,229.58,1147.92,-1.26,-0.11%,1147.92,1146.66,保本止损,39.00,4H唐奇安趋势_L40_EMA180_ADX22_S2.4 向上突破40根高点
4H唐奇安趋势_L40_EMA180_ADX22_S2.4_5年固定版_5x_20%,做多,2023-04-14 12:00,2023-04-17 08:30,30709.57,29820.66,29823.65,29823.65,33367.34,25181.85,5,20%,229.33,1146.66,-34.32,-2.99%,1146.66,1112.34,初始止损,68.50,4H唐奇安趋势_L40_EMA180_ADX22_S2.4 向上突破40根高点
4H唐奇安趋势_L40_EMA180_ADX22_S2.4_5年固定版_5x_20%,做空,2023-04-21 04:00,2023-04-25 04:00,28106.09,27386.14,29170.21,28106.09,24913.72,33165.19,5,20%,222.47,1112.34,27.39,2.46%,1112.34,1139.73,时间退出,96.00,4H唐奇安趋势_L40_EMA180_ADX22_S2.4 向下跌破40根低点
4H唐奇安趋势_L40_EMA180_ADX22_S2.4_5年固定版_5x_20%,做多,2023-04-27 00:00,2023-04-27 03:30,29819.08,28705.75,28708.63,28708.63,33150.45,24451.65,5,20%,227.95,1139.73,-43.67,-3.83%,1139.73,1096.06,初始止损,3.50,4H唐奇安趋势_L40_EMA180_ADX22_S2.4 向上突破40根高点
4H唐奇安趋势_L40_EMA180_ADX22_S2.4_5年固定版_5x_20%,做空,2023-05-12 12:00,2023-05-14 23:00,26588.84,27150.39,27671.96,27147.68,23339.47,31374.83,5,20%,219.21,1096.06,-24.26,-2.21%,1096.06,1071.80,跟踪止损,59.00,4H唐奇安趋势_L40_EMA180_ADX22_S2.4 向下跌破40根低点
4H唐奇安趋势_L40_EMA180_ADX22_S2.4_5年固定版_5x_20%,做多,2023-06-21 04:00,2023-06-22 00:15,27984.90,30598.59,27112.65,28966.18,30601.65,22947.62,5,20%,214.36,1071.80,98.98,9.23%,1071.80,1170.79,目标止盈,20.25,4H唐奇安趋势_L40_EMA180_ADX22_S2.4 向上突破40根高点
4H唐奇安趋势_L40_EMA180_ADX22_S2.4_5年固定版_5x_20%,做多,2023-06-22 04:00,2023-06-26 04:00,30121.51,30432.86,28901.64,30121.51,33781.14,24699.64,5,20%,234.16,1170.79,10.92,0.93%,1170.79,1181.71,时间退出,96.00,4H唐奇安趋势_L40_EMA180_ADX22_S2.4 向上突破40根高点
4H唐奇安趋势_L40_EMA180_ADX22_S2.4_5年固定版_5x_20%,做多,2023-07-14 04:00,2023-07-15 01:45,31624.16,30731.03,30734.10,30734.10,34294.34,25931.81,5,20%,236.34,1181.71,-34.54,-2.92%,1181.71,1147.17,初始止损,21.75,4H唐奇安趋势_L40_EMA180_ADX22_S2.4 向上突破40根高点
4H唐奇安趋势_L40_EMA180_ADX22_S2.4_5年固定版_5x_20%,做空,2023-08-17 12:00,2023-08-18 05:30,28652.93,27196.68,29139.26,28114.42,27193.96,33810.46,5,20%,229.43,1147.17,57.19,4.98%,1147.17,1204.36,目标止盈,17.50,4H唐奇安趋势_L40_EMA180_ADX22_S2.4 向下跌破40根低点
4H唐奇安趋势_L40_EMA180_ADX22_S2.4_5年固定版_5x_20%,做空,2023-08-18 08:00,2023-08-22 08:00,26611.44,26128.51,27815.22,27089.40,23000.09,31401.50,5,20%,240.87,1204.36,20.66,1.72%,1204.36,1225.02,时间退出,96.00,4H唐奇安趋势_L40_EMA180_ADX22_S2.4 向下跌破40根低点
4H唐奇安趋势_L40_EMA180_ADX22_S2.4_5年固定版_5x_20%,做多,2023-08-30 04:00,2023-08-30 22:45,27831.68,27057.79,27060.49,27060.49,30145.25,22821.98,5,20%,245.00,1225.02,-35.27,-2.88%,1225.02,1189.75,初始止损,18.75,4H唐奇安趋势_L40_EMA180_ADX22_S2.4 向上突破40根高点
4H唐奇安趋势_L40_EMA180_ADX22_S2.4_5年固定版_5x_20%,做空,2023-09-12 00:00,2023-09-12 11:15,25107.69,25673.22,25670.65,25670.65,23418.80,29627.07,5,20%,237.95,1189.75,-28.00,-2.35%,1189.75,1161.75,初始止损,11.25,4H唐奇安趋势_L40_EMA180_ADX22_S2.4 向下跌破40根低点
4H唐奇安趋势_L40_EMA180_ADX22_S2.4_5年固定版_5x_20%,做多,2023-09-15 00:00,2023-09-19 00:00,26697.37,27264.87,25886.79,26405.11,29129.12,21891.84,5,20%,232.35,1161.75,23.52,2.02%,1161.75,1185.27,时间退出,96.00,4H唐奇安趋势_L40_EMA180_ADX22_S2.4 向上突破40根高点
4H唐奇安趋势_L40_EMA180_ADX22_S2.4_5年固定版_5x_20%,做多,2023-09-29 00:00,2023-10-03 00:00,27031.00,28024.10,26408.54,27833.10,28898.39,22165.42,5,20%,237.05,1185.27,42.34,3.57%,1185.27,1227.61,时间退出,96.00,4H唐奇安趋势_L40_EMA180_ADX22_S2.4 向上突破40根高点
4H唐奇安趋势_L40_EMA180_ADX22_S2.4_5年固定版_5x_20%,做空,2023-10-11 12:00,2023-10-15 12:00,27007.30,26885.59,27608.54,27279.27,25203.58,31868.61,5,20%,245.52,1227.61,4.31,0.35%,1227.61,1231.91,时间退出,96.00,4H唐奇安趋势_L40_EMA180_ADX22_S2.4 向下跌破40根低点
4H唐奇安趋势_L40_EMA180_ADX22_S2.4_5年固定版_5x_20%,做多,2023-10-16 16:00,2023-10-16 21:15,27852.78,29429.96,27326.08,27326.08,29432.90,22839.28,5,20%,246.38,1231.91,68.49,5.56%,1231.91,1300.40,目标止盈,5.25,4H唐奇安趋势_L40_EMA180_ADX22_S2.4 向上突破40根高点
4H唐奇安趋势_L40_EMA180_ADX22_S2.4_5年固定版_5x_20%,做多,2023-10-17 00:00,2023-10-21 00:00,28071.91,29551.74,27065.26,29025.00,31091.84,23018.96,5,20%,260.08,1300.40,67.22,5.17%,1300.40,1367.62,时间退出,96.00,4H唐奇安趋势_L40_EMA180_ADX22_S2.4 向上突破40根高点
4H唐奇安趋势_L40_EMA180_ADX22_S2.4_5年固定版_5x_20%,做多,2023-10-23 12:00,2023-10-24 06:30,30741.47,33588.97,29791.19,31035.71,33592.33,25208.01,5,20%,273.52,1367.62,125.25,9.16%,1367.62,1492.87,目标止盈,18.50,4H唐奇安趋势_L40_EMA180_ADX22_S2.4 向上突破40根高点
4H唐奇安趋势_L40_EMA180_ADX22_S2.4_5年固定版_5x_20%,做多,2023-10-24 08:00,2023-10-28 08:00,33101.61,33887.91,31292.51,33101.61,38528.91,27143.32,5,20%,298.57,1492.87,33.95,2.27%,1492.87,1526.82,时间退出,96.00,4H唐奇安趋势_L40_EMA180_ADX22_S2.4 向上突破40根高点
4H唐奇安趋势_L40_EMA180_ADX22_S2.4_5年固定版_5x_20%,做多,2023-11-02 08:00,2023-11-02 23:30,35421.94,34543.98,34259.13,34547.44,38910.37,29045.99,5,20%,305.36,1526.82,-39.35,-2.58%,1526.82,1487.47,跟踪止损,15.50,4H唐奇安趋势_L40_EMA180_ADX22_S2.4 向上突破40根高点
4H唐奇安趋势_L40_EMA180_ADX22_S2.4_5年固定版_5x_20%,做多,2023-11-10 00:00,2023-11-10 00:30,37133.81,35805.35,35808.93,35808.93,41108.46,30449.73,5,20%,297.49,1487.47,-54.68,-3.68%,1487.47,1432.79,初始止损,0.50,4H唐奇安趋势_L40_EMA180_ADX22_S2.4 向上突破40根高点
4H唐奇安趋势_L40_EMA180_ADX22_S2.4_5年固定版_5x_20%,做多,2023-12-01 20:00,2023-12-04 14:15,38587.06,41638.34,37568.58,40327.59,41642.51,31641.39,5,20%,286.56,1432.79,111.81,7.80%,1432.79,1544.60,目标止盈,66.25,4H唐奇安趋势_L40_EMA180_ADX22_S2.4 向上突破40根高点
4H唐奇安趋势_L40_EMA180_ADX22_S2.4_5年固定版_5x_20%,做多,2023-12-04 16:00,2023-12-07 17:15,41464.15,43052.80,40267.77,43057.11,45053.28,34000.60,5,20%,308.92,1544.60,57.61,3.73%,1544.60,1602.21,跟踪止损,73.25,4H唐奇安趋势_L40_EMA180_ADX22_S2.4 向上突破40根高点
4H唐奇安趋势_L40_EMA180_ADX22_S2.4_5年固定版_5x_20%,做空,2024-01-19 04:00,2024-01-23 04:00,41022.10,39819.98,42617.48,41022.10,36235.96,48406.07,5,20%,320.44,1602.21,45.37,2.83%,1602.21,1647.58,时间退出,96.00,4H唐奇安趋势_L40_EMA180_ADX22_S2.4 向下跌破40根低点
4H唐奇安趋势_L40_EMA180_ADX22_S2.4_5年固定版_5x_20%,做空,2024-01-23 20:00,2024-01-24 18:45,38847.91,40405.74,40401.70,40401.70,34186.56,45840.54,5,20%,329.52,1647.58,-67.75,-4.11%,1647.58,1579.83,初始止损,22.75,4H唐奇安趋势_L40_EMA180_ADX22_S2.4 向下跌破40根低点
4H唐奇安趋势_L40_EMA180_ADX22_S2.4_5年固定版_5x_20%,做多,2024-01-28 16:00,2024-01-31 18:45,42397.04,42410.63,41197.79,42414.87,45994.77,34765.57,5,20%,315.97,1579.83,-1.07,-0.07%,1579.83,1578.76,跟踪止损,74.75,4H唐奇安趋势_L40_EMA180_ADX22_S2.4 向上突破40根高点
4H唐奇安趋势_L40_EMA180_ADX22_S2.4_5年固定版_5x_20%,做多,2024-02-09 00:00,2024-02-12 23:00,45438.74,48938.87,44270.40,47405.38,48943.77,37259.77,5,20%,315.75,1578.76,119.97,7.60%,1578.76,1698.73,目标止盈,95.00,4H唐奇安趋势_L40_EMA180_ADX22_S2.4 向上突破40根高点
4H唐奇安趋势_L40_EMA180_ADX22_S2.4_5年固定版_5x_20%,做多,2024-02-13 00:00,2024-02-17 00:00,49943.79,51890.01,48205.24,50714.22,55159.46,40953.91,5,20%,339.75,1698.73,64.46,3.79%,1698.73,1763.19,时间退出,96.00,4H唐奇安趋势_L40_EMA180_ADX22_S2.4 向上突破40根高点
4H唐奇安趋势_L40_EMA180_ADX22_S2.4_5年固定版_5x_20%,做多,2024-02-27 12:00,2024-02-29 00:30,55758.48,61798.36,53743.12,59129.35,61804.54,45721.95,5,20%,352.64,1763.19,189.13,10.73%,1763.19,1952.33,目标止盈,36.50,4H唐奇安趋势_L40_EMA180_ADX22_S2.4 向上突破40根高点
4H唐奇安趋势_L40_EMA180_ADX22_S2.4_5年固定版_5x_20%,做多,2024-03-04 20:00,2024-03-05 13:00,65300.83,65509.05,62666.78,65515.60,73202.98,53546.68,5,20%,390.47,1952.33,4.27,0.22%,1952.33,1956.60,跟踪止损,17.00,4H唐奇安趋势_L40_EMA180_ADX22_S2.4 向上突破40根高点
4H唐奇安趋势_L40_EMA180_ADX22_S2.4_5年固定版_5x_20%,做空,2024-03-20 08:00,2024-03-21 04:15,61930.01,66531.99,66525.33,66525.33,48144.03,73077.41,5,20%,391.32,1956.60,-147.42,-7.53%,1956.60,1809.18,初始止损,20.25,4H唐奇安趋势_L40_EMA180_ADX22_S2.4 向下跌破40根低点
4H唐奇安趋势_L40_EMA180_ADX22_S2.4_5年固定版_5x_20%,做空,2024-04-03 00:00,2024-04-04 22:30,64883.11,67878.66,67871.88,67871.88,55916.81,76562.07,5,20%,361.84,1809.18,-85.38,-4.72%,1809.18,1723.80,初始止损,46.50,4H唐奇安趋势_L40_EMA180_ADX22_S2.4 向下跌破40根低点
4H唐奇安趋势_L40_EMA180_ADX22_S2.4_5年固定版_5x_20%,做多,2024-04-08 16:00,2024-04-09 16:00,70721.37,69761.92,68249.26,69768.90,78137.71,57991.52,5,20%,344.76,1723.80,-25.10,-1.46%,1723.80,1698.70,跟踪止损,24.00,4H唐奇安趋势_L40_EMA180_ADX22_S2.4 向上突破40根高点
4H唐奇安趋势_L40_EMA180_ADX22_S2.4_5年固定版_5x_20%,做空,2024-04-14 04:00,2024-04-14 06:30,64773.52,64028.52,68268.79,64022.12,54287.71,76432.76,5,20%,339.74,1698.70,17.85,1.05%,1698.70,1716.55,跟踪止损,2.50,4H唐奇安趋势_L40_EMA180_ADX22_S2.4 向下跌破40根低点
4H唐奇安趋势_L40_EMA180_ADX22_S2.4_5年固定版_5x_20%,做空,2024-04-29 12:00,2024-04-30 07:00,62272.77,64234.90,64228.48,64228.48,56405.66,73481.87,5,20%,343.31,1716.55,-55.83,-3.25%,1716.55,1660.72,初始止损,19.00,4H唐奇安趋势_L40_EMA180_ADX22_S2.4 向下跌破40根低点
4H唐奇安趋势_L40_EMA180_ADX22_S2.4_5年固定版_5x_20%,做空,2024-04-30 20:00,2024-05-03 02:45,61205.88,59509.99,63592.19,59504.04,54046.95,72222.94,5,20%,332.14,1660.72,44.38,2.67%,1660.72,1705.10,跟踪止损,54.75,4H唐奇安趋势_L40_EMA180_ADX22_S2.4 向下跌破40根低点
4H唐奇安趋势_L40_EMA180_ADX22_S2.4_5年固定版_5x_20%,做多,2024-05-18 00:00,2024-05-22 00:00,67206.72,69831.02,64891.52,69200.40,74152.32,55109.51,5,20%,341.02,1705.10,64.84,3.80%,1705.10,1769.94,时间退出,96.00,4H唐奇安趋势_L40_EMA180_ADX22_S2.4 向上突破40根高点
4H唐奇安趋势_L40_EMA180_ADX22_S2.4_5年固定版_5x_20%,做多,2024-06-05 00:00,2024-06-08 02:00,70455.74,69577.20,68498.56,69584.15,76327.29,57773.71,5,20%,353.99,1769.94,-23.83,-1.35%,1769.94,1746.11,跟踪止损,74.00,4H唐奇安趋势_L40_EMA180_ADX22_S2.4 向上突破40根高点
4H唐奇安趋势_L40_EMA180_ADX22_S2.4_5年固定版_5x_20%,做空,2024-06-11 16:00,2024-06-12 03:45,67554.24,67561.00,69148.29,67554.24,62772.11,79714.01,5,20%,349.22,1746.11,-1.92,-0.11%,1746.11,1744.19,保本止损,11.75,4H唐奇安趋势_L40_EMA180_ADX22_S2.4 向下跌破40根低点
4H唐奇安趋势_L40_EMA180_ADX22_S2.4_5年固定版_5x_20%,做空,2024-06-15 04:00,2024-06-19 04:00,65516.05,64426.64,67810.19,66881.61,58633.63,77308.94,5,20%,348.84,1744.19,27.27,1.56%,1744.19,1771.46,时间退出,96.00,4H唐奇安趋势_L40_EMA180_ADX22_S2.4 向下跌破40根低点
4H唐奇安趋势_L40_EMA180_ADX22_S2.4_5年固定版_5x_20%,做空,2024-06-21 20:00,2024-06-25 10:30,63768.22,60661.94,65618.60,60655.87,58217.10,75246.50,5,20%,354.29,1771.46,84.56,4.77%,1771.46,1856.03,跟踪止损,86.50,4H唐奇安趋势_L40_EMA180_ADX22_S2.4 向下跌破40根低点
4H唐奇安趋势_L40_EMA180_ADX22_S2.4_5年固定版_5x_20%,做空,2024-07-04 12:00,2024-07-05 20:30,59099.79,56073.86,61382.56,56068.25,52251.47,69737.75,5,20%,371.21,1856.03,93.22,5.02%,1856.03,1949.25,跟踪止损,32.50,4H唐奇安趋势_L40_EMA180_ADX22_S2.4 向下跌破40根低点
4H唐奇安趋势_L40_EMA180_ADX22_S2.4_5年固定版_5x_20%,做多,2024-07-15 12:00,2024-07-16 16:15,62652.06,62645.80,60316.37,62652.06,69659.15,51374.69,5,20%,389.85,1949.25,-2.14,-0.11%,1949.25,1947.10,保本止损,28.25,4H唐奇安趋势_L40_EMA180_ADX22_S2.4 向上突破40根高点
4H唐奇安趋势_L40_EMA180_ADX22_S2.4_5年固定版_5x_20%,做多,2024-07-17 04:00,2024-07-21 04:00,65184.52,67224.18,62424.32,64210.40,73465.12,53451.30,5,20%,389.42,1947.10,58.95,3.03%,1947.10,2006.05,时间退出,96.00,4H唐奇安趋势_L40_EMA180_ADX22_S2.4 向上突破40根高点
4H唐奇安趋势_L40_EMA180_ADX22_S2.4_5年固定版_5x_20%,做多,2024-07-22 08:00,2024-07-24 00:45,68177.02,65938.42,65945.02,65945.02,74873.02,55905.15,5,20%,401.21,2006.05,-67.84,-3.38%,2006.05,1938.21,初始止损,40.75,4H唐奇安趋势_L40_EMA180_ADX22_S2.4 向上突破40根高点
4H唐奇安趋势_L40_EMA180_ADX22_S2.4_5年固定版_5x_20%,做多,2024-07-28 00:00,2024-07-28 04:15,68881.29,66693.06,66699.73,66699.73,75425.97,56482.66,5,20%,387.64,1938.21,-63.48,-3.28%,1938.21,1874.73,初始止损,4.25,4H唐奇安趋势_L40_EMA180_ADX22_S2.4 向上突破40根高点
4H唐奇安趋势_L40_EMA180_ADX22_S2.4_5年固定版_5x_20%,做空,2024-08-02 00:00,2024-08-02 06:15,62900.51,65502.61,65496.06,65496.06,55113.85,74222.60,5,20%,374.95,1874.73,-79.47,-4.24%,1874.73,1795.26,初始止损,6.25,4H唐奇安趋势_L40_EMA180_ADX22_S2.4 向下跌破40根低点
4H唐奇安趋势_L40_EMA180_ADX22_S2.4_5年固定版_5x_20%,做空,2024-08-03 08:00,2024-08-05 14:00,61484.65,51696.15,64749.21,56272.53,51690.98,72551.89,5,20%,359.05,1795.26,284.16,15.83%,1795.26,2079.42,目标止盈,54.00,4H唐奇安趋势_L40_EMA180_ADX22_S2.4 向下跌破40根低点
4H唐奇安趋势_L40_EMA180_ADX22_S2.4_5年固定版_5x_20%,做空,2024-09-04 12:00,2024-09-08 12:00,56660.23,54403.54,58991.53,55429.03,49666.35,66859.08,5,20%,415.88,2079.42,80.78,3.88%,2079.42,2160.20,时间退出,96.00,4H唐奇安趋势_L40_EMA180_ADX22_S2.4 向下跌破40根低点
4H唐奇安趋势_L40_EMA180_ADX22_S2.4_5年固定版_5x_20%,做多,2024-09-19 08:00,2024-09-23 08:00,61774.08,63582.74,59160.91,60924.59,69613.57,50654.74,5,20%,432.04,2160.20,61.06,2.83%,2160.20,2221.26,时间退出,96.00,4H唐奇安趋势_L40_EMA180_ADX22_S2.4 向上突破40根高点
4H唐奇安趋势_L40_EMA180_ADX22_S2.4_5年固定版_5x_20%,做多,2024-09-23 12:00,2024-09-27 12:00,64370.84,65353.86,62315.39,63287.63,70537.19,52784.09,5,20%,444.25,2221.26,31.68,1.43%,2221.26,2252.94,时间退出,96.00,4H唐奇安趋势_L40_EMA180_ADX22_S2.4 向上突破40根高点
4H唐奇安趋势_L40_EMA180_ADX22_S2.4_5年固定版_5x_20%,做空,2024-10-02 04:00,2024-10-05 01:00,61758.92,62314.42,63738.62,62308.19,55819.85,72875.53,5,20%,450.59,2252.94,-22.53,-1.00%,2252.94,2230.41,跟踪止损,69.00,4H唐奇安趋势_L40_EMA180_ADX22_S2.4 向下跌破40根低点
4H唐奇安趋势_L40_EMA180_ADX22_S2.4_5年固定版_5x_20%,做空,2024-10-11 04:00,2024-10-11 21:30,59730.83,61749.78,61743.61,61743.61,53692.49,70482.38,5,20%,446.08,2230.41,-77.66,-3.48%,2230.41,2152.75,初始止损,17.50,4H唐奇安趋势_L40_EMA180_ADX22_S2.4 向下跌破40根低点
4H唐奇安趋势_L40_EMA180_ADX22_S2.4_5年固定版_5x_20%,做多,2024-10-14 20:00,2024-10-15 22:30,64931.29,65649.51,63057.76,65656.07,70551.89,53243.66,5,20%,430.55,2152.75,21.65,1.01%,2152.75,2174.40,跟踪止损,26.50,4H唐奇安趋势_L40_EMA180_ADX22_S2.4 向上突破40根高点
4H唐奇安趋势_L40_EMA180_ADX22_S2.4_5年固定版_5x_20%,做多,2024-10-19 00:00,2024-10-22 08:30,68748.67,66606.40,66613.07,66613.07,75155.50,56373.91,5,20%,434.88,2174.40,-69.90,-3.21%,2174.40,2104.50,初始止损,80.50,4H唐奇安趋势_L40_EMA180_ADX22_S2.4 向上突破40根高点
4H唐奇安趋势_L40_EMA180_ADX22_S2.4_5年固定版_5x_20%,做多,2024-10-29 08:00,2024-10-30 21:30,69978.90,71501.32,68170.27,71508.47,75404.77,57382.70,5,20%,420.90,2104.50,43.66,2.07%,2104.50,2148.16,跟踪止损,37.50,4H唐奇安趋势_L40_EMA180_ADX22_S2.4 向上突破40根高点
4H唐奇安趋势_L40_EMA180_ADX22_S2.4_5年固定版_5x_20%,做多,2024-11-06 12:00,2024-11-10 12:00,74385.34,77212.38,71028.03,73368.54,84457.25,60995.98,5,20%,429.63,2148.16,79.45,3.70%,2148.16,2227.61,时间退出,96.00,4H唐奇安趋势_L40_EMA180_ADX22_S2.4 向上突破40根高点
4H唐奇安趋势_L40_EMA180_ADX22_S2.4_5年固定版_5x_20%,做多,2024-11-10 16:00,2024-11-12 03:00,78852.18,86743.94,76218.71,82657.83,86752.62,64658.79,5,20%,445.52,2227.61,220.61,9.90%,2227.61,2448.22,目标止盈,35.00,4H唐奇安趋势_L40_EMA180_ADX22_S2.4 向上突破40根高点
4H唐奇安趋势_L40_EMA180_ADX22_S2.4_5年固定版_5x_20%,做多,2024-11-12 04:00,2024-11-12 18:45,86169.32,86160.70,82394.11,86169.32,97494.93,70658.84,5,20%,489.64,2448.22,-2.69,-0.11%,2448.22,2445.53,保本止损,14.75,4H唐奇安趋势_L40_EMA180_ADX22_S2.4 向上突破40根高点
4H唐奇安趋势_L40_EMA180_ADX22_S2.4_5年固定版_5x_20%,做多,2024-11-14 00:00,2024-11-15 05:00,92570.36,87084.98,87093.69,87093.69,109000.37,75907.69,5,20%,489.11,2445.53,-147.29,-6.02%,2445.53,2298.24,初始止损,29.00,4H唐奇安趋势_L40_EMA180_ADX22_S2.4 向上突破40根高点
4H唐奇安趋势_L40_EMA180_ADX22_S2.4_5年固定版_5x_20%,做多,2024-11-21 16:00,2024-11-25 16:00,96945.49,98071.59,93097.20,94842.54,108490.39,79495.30,5,20%,459.65,2298.24,24.38,1.06%,2298.24,2322.63,时间退出,96.00,4H唐奇安趋势_L40_EMA180_ADX22_S2.4 向上突破40根高点
4H唐奇安趋势_L40_EMA180_ADX22_S2.4_5年固定版_5x_20%,做空,2024-12-20 20:00,2024-12-21 13:45,92724.23,98177.29,98167.47,98167.47,76394.50,109414.59,5,20%,464.53,2322.63,-138.98,-5.98%,2322.63,2183.64,初始止损,17.75,4H唐奇安趋势_L40_EMA180_ADX22_S2.4 向下跌破40根低点
4H唐奇安趋势_L40_EMA180_ADX22_S2.4_5年固定版_5x_20%,做多,2025-01-04 04:00,2025-01-07 23:00,98607.16,99202.88,95713.30,99212.80,107288.73,80857.87,5,20%,436.73,2183.64,11.00,0.50%,2183.64,2194.64,跟踪止损,91.00,4H唐奇安趋势_L40_EMA180_ADX22_S2.4 向上突破40根高点
4H唐奇安趋势_L40_EMA180_ADX22_S2.4_5年固定版_5x_20%,做空,2025-01-09 04:00,2025-01-11 01:45,94235.18,95605.27,97762.47,95595.71,83653.29,111197.51,5,20%,438.93,2194.64,-34.12,-1.55%,2194.64,2160.53,跟踪止损,45.75,4H唐奇安趋势_L40_EMA180_ADX22_S2.4 向下跌破40根低点
4H唐奇安趋势_L40_EMA180_ADX22_S2.4_5年固定版_5x_20%,做空,2025-01-13 20:00,2025-01-13 23:15,90861.01,93077.46,94095.02,93068.15,81158.98,107216.00,5,20%,432.11,2160.53,-54.89,-2.54%,2160.53,2105.63,跟踪止损,3.25,4H唐奇安趋势_L40_EMA180_ADX22_S2.4 向下跌破40根低点
4H唐奇安趋势_L40_EMA180_ADX22_S2.4_5年固定版_5x_20%,做多,2025-01-17 20:00,2025-01-20 06:45,102241.22,102231.00,98676.80,102241.22,112934.50,83837.80,5,20%,421.13,2105.63,-2.32,-0.11%,2105.63,2103.32,保本止损,58.75,4H唐奇安趋势_L40_EMA180_ADX22_S2.4 向上突破40根高点
4H唐奇安趋势_L40_EMA180_ADX22_S2.4_5年固定版_5x_20%,做多,2025-01-20 16:00,2025-01-21 01:30,107216.52,101289.85,101299.98,101299.98,124966.16,87917.55,5,20%,420.66,2103.32,-118.31,-5.62%,2103.32,1985.01,初始止损,9.50,4H唐奇安趋势_L40_EMA180_ADX22_S2.4 向上突破40根高点
4H唐奇安趋势_L40_EMA180_ADX22_S2.4_5年固定版_5x_20%,做空,2025-02-03 12:00,2025-02-03 23:30,94038.70,98608.74,98598.88,98598.88,80358.15,110965.66,5,20%,397.00,1985.01,-98.50,-4.96%,1985.01,1886.51,初始止损,11.50,4H唐奇安趋势_L40_EMA180_ADX22_S2.4 向下跌破40根低点
4H唐奇安趋势_L40_EMA180_ADX22_S2.4_5年固定版_5x_20%,做空,2025-02-25 08:00,2025-02-27 04:00,91540.94,83199.96,94324.05,86823.33,83191.64,108018.32,5,20%,377.30,1886.51,170.09,9.02%,1886.51,2056.60,目标止盈,44.00,4H唐奇安趋势_L40_EMA180_ADX22_S2.4 向下跌破40根低点
4H唐奇安趋势_L40_EMA180_ADX22_S2.4_5年固定版_5x_20%,做空,2025-02-28 12:00,2025-03-01 00:30,80443.75,84838.82,85728.87,84830.34,64588.40,94923.63,5,20%,411.32,2056.60,-114.48,-5.57%,2056.60,1942.12,跟踪止损,12.50,4H唐奇安趋势_L40_EMA180_ADX22_S2.4 向下跌破40根低点
4H唐奇安趋势_L40_EMA180_ADX22_S2.4_5年固定版_5x_20%,做空,2025-03-10 08:00,2025-03-12 02:00,80726.23,82448.45,85406.46,82440.21,66685.51,95256.95,5,20%,388.42,1942.12,-43.40,-2.23%,1942.12,1898.73,跟踪止损,42.00,4H唐奇安趋势_L40_EMA180_ADX22_S2.4 向下跌破40根低点
4H唐奇安趋势_L40_EMA180_ADX22_S2.4_5年固定版_5x_20%,做空,2025-03-29 20:00,2025-04-01 23:00,82285.77,84795.92,84787.44,84787.44,74780.76,97097.21,5,20%,379.75,1898.73,-59.85,-3.15%,1898.73,1838.88,初始止损,75.00,4H唐奇安趋势_L40_EMA180_ADX22_S2.4 向下跌破40根低点
4H唐奇安趋势_L40_EMA180_ADX22_S2.4_5年固定版_5x_20%,做空,2025-04-07 16:00,2025-04-07 22:00,75112.09,78934.40,78926.51,78926.51,63668.83,88632.26,5,20%,367.78,1838.88,-95.46,-5.19%,1838.88,1743.42,初始止损,6.00,4H唐奇安趋势_L40_EMA180_ADX22_S2.4 向下跌破40根低点
4H唐奇安趋势_L40_EMA180_ADX22_S2.4_5年固定版_5x_20%,做多,2025-04-22 00:00,2025-04-23 16:00,88048.00,94431.04,85917.18,91697.47,94440.48,72199.36,5,20%,348.68,1743.42,124.58,7.15%,1743.42,1868.00,目标止盈,40.00,4H唐奇安趋势_L40_EMA180_ADX22_S2.4 向上突破40根高点
4H唐奇安趋势_L40_EMA180_ADX22_S2.4_5年固定版_5x_20%,做多,2025-04-26 00:00,2025-04-30 00:00,95030.20,94781.82,92029.47,92029.47,104032.39,77924.77,5,20%,373.60,1868.00,-6.75,-0.36%,1868.00,1861.25,时间退出,96.00,4H唐奇安趋势_L40_EMA180_ADX22_S2.4 向上突破40根高点
4H唐奇安趋势_L40_EMA180_ADX22_S2.4_5年固定版_5x_20%,做多,2025-05-08 12:00,2025-05-12 12:00,99113.91,104049.49,96471.15,101847.79,107042.20,81273.41,5,20%,372.25,1861.25,90.78,4.88%,1861.25,1952.03,时间退出,96.00,4H唐奇安趋势_L40_EMA180_ADX22_S2.4 向上突破40根高点
4H唐奇安趋势_L40_EMA180_ADX22_S2.4_5年固定版_5x_20%,做多,2025-05-22 00:00,2025-05-23 20:15,108940.79,107599.04,105428.24,107609.80,119478.45,89331.45,5,20%,390.41,1952.03,-25.98,-1.33%,1952.03,1926.05,跟踪止损,44.25,4H唐奇安趋势_L40_EMA180_ADX22_S2.4 向上突破40根高点
4H唐奇安趋势_L40_EMA180_ADX22_S2.4_5年固定版_5x_20%,做空,2025-06-21 04:00,2025-06-23 13:45,103240.87,101695.53,106093.09,101685.36,94684.23,121824.23,5,20%,385.21,1926.05,26.92,1.40%,1926.05,1952.96,跟踪止损,57.75,4H唐奇安趋势_L40_EMA180_ADX22_S2.4 向下跌破40根低点
4H唐奇安趋势_L40_EMA180_ADX22_S2.4_5年固定版_5x_20%,做多,2025-06-25 20:00,2025-06-29 20:00,107141.01,108417.36,103993.71,104562.17,116582.91,87855.63,5,20%,390.59,1952.96,21.30,1.09%,1952.96,1974.27,时间退出,96.00,4H唐奇安趋势_L40_EMA180_ADX22_S2.4 向上突破40根高点
4H唐奇安趋势_L40_EMA180_ADX22_S2.4_5年固定版_5x_20%,做多,2025-07-11 04:00,2025-07-14 11:30,113237.42,120562.60,110791.68,117100.97,120574.66,92854.69,5,20%,394.85,1974.27,125.67,6.37%,1974.27,2099.94,目标止盈,79.50,4H唐奇安趋势_L40_EMA180_ADX22_S2.4 向上突破40根高点
4H唐奇安趋势_L40_EMA180_ADX22_S2.4_5年固定版_5x_20%,做多,2025-07-14 12:00,2025-07-14 23:45,120813.98,119781.36,118002.03,119793.34,129249.83,99067.46,5,20%,419.99,2099.94,-20.04,-0.95%,2099.94,2079.90,跟踪止损,11.75,4H唐奇安趋势_L40_EMA180_ADX22_S2.4 向上突破40根高点
4H唐奇安趋势_L40_EMA180_ADX22_S2.4_5年固定版_5x_20%,做空,2025-08-02 04:00,2025-08-06 04:00,113259.67,113587.86,116499.88,115886.22,103539.06,133646.41,5,20%,415.98,2079.90,-8.11,-0.39%,2079.90,2071.79,时间退出,96.00,4H唐奇安趋势_L40_EMA180_ADX22_S2.4 向下跌破40根低点
4H唐奇安趋势_L40_EMA180_ADX22_S2.4_5年固定版_5x_20%,做多,2025-08-10 12:00,2025-08-11 21:00,118530.45,119473.39,116228.47,119485.34,125436.39,97194.97,5,20%,414.36,2071.79,14.40,0.70%,2071.79,2086.19,跟踪止损,33.00,4H唐奇安趋势_L40_EMA180_ADX22_S2.4 向上突破40根高点
4H唐奇安趋势_L40_EMA180_ADX22_S2.4_5年固定版_5x_20%,做多,2025-08-14 04:00,2025-08-14 18:45,122784.48,120794.38,119749.77,120806.46,131888.61,100683.27,5,20%,417.24,2086.19,-35.88,-1.72%,2086.19,2050.31,跟踪止损,14.75,4H唐奇安趋势_L40_EMA180_ADX22_S2.4 向上突破40根高点
4H唐奇安趋势_L40_EMA180_ADX22_S2.4_5年固定版_5x_20%,做空,2025-08-18 12:00,2025-08-22 12:00,115245.77,112926.19,117718.35,115031.19,107828.04,135990.01,5,20%,410.06,2050.31,39.24,1.91%,2050.31,2089.55,时间退出,96.00,4H唐奇安趋势_L40_EMA180_ADX22_S2.4 向下跌破40根低点
4H唐奇安趋势_L40_EMA180_ADX22_S2.4_5年固定版_5x_20%,做空,2025-08-26 08:00,2025-08-30 08:00,110062.99,108346.63,113553.49,111755.06,99591.49,129874.33,5,20%,417.91,2089.55,30.51,1.46%,2089.55,2120.06,时间退出,96.00,4H唐奇安趋势_L40_EMA180_ADX22_S2.4 向下跌破40根低点
4H唐奇安趋势_L40_EMA180_ADX22_S2.4_5年固定版_5x_20%,做多,2025-09-12 08:00,2025-09-16 08:00,115449.44,115303.27,113234.06,114006.00,122095.59,94668.54,5,20%,424.01,2120.06,-4.80,-0.23%,2120.06,2115.26,时间退出,96.00,4H唐奇安趋势_L40_EMA180_ADX22_S2.4 向上突破40根高点
4H唐奇安趋势_L40_EMA180_ADX22_S2.4_5年固定版_5x_20%,做多,2025-09-17 04:00,2025-09-18 02:45,116775.68,114720.18,114731.65,114731.65,122907.76,95756.05,5,20%,423.05,2115.26,-39.33,-1.86%,2115.26,2075.93,初始止损,22.75,4H唐奇安趋势_L40_EMA180_ADX22_S2.4 向上突破40根高点
4H唐奇安趋势_L40_EMA180_ADX22_S2.4_5年固定版_5x_20%,做空,2025-09-22 16:00,2025-09-24 22:45,112447.95,113379.49,114437.35,113368.16,106479.78,132688.59,5,20%,415.19,2075.93,-19.28,-0.93%,2075.93,2056.64,跟踪止损,54.75,4H唐奇安趋势_L40_EMA180_ADX22_S2.4 向下跌破40根低点
4H唐奇安趋势_L40_EMA180_ADX22_S2.4_5年固定版_5x_20%,做空,2025-09-26 04:00,2025-09-29 07:00,109315.87,112060.55,112049.35,112049.35,101115.42,128992.72,5,20%,411.33,2056.64,-53.72,-2.61%,2056.64,2002.92,初始止损,75.00,4H唐奇安趋势_L40_EMA180_ADX22_S2.4 向下跌破40根低点
4H唐奇安趋势_L40_EMA180_ADX22_S2.4_5年固定版_5x_20%,做多,2025-09-30 04:00,2025-10-03 02:45,114217.82,120493.90,112121.78,117683.62,120505.95,93658.61,5,20%,400.58,2002.92,108.00,5.39%,2002.92,2110.92,目标止盈,70.75,4H唐奇安趋势_L40_EMA180_ADX22_S2.4 向上突破40根高点
4H唐奇安趋势_L40_EMA180_ADX22_S2.4_5年固定版_5x_20%,做多,2025-10-03 04:00,2025-10-05 18:00,120788.48,122537.70,118176.46,122549.95,128624.52,99046.55,5,20%,422.18,2110.92,28.44,1.35%,2110.92,2139.37,跟踪止损,62.00,4H唐奇安趋势_L40_EMA180_ADX22_S2.4 向上突破40根高点
4H唐奇安趋势_L40_EMA180_ADX22_S2.4_5年固定版_5x_20%,做空,2025-10-11 04:00,2025-10-11 05:15,116584.14,104315.93,120677.02,114812.40,104305.50,137569.29,5,20%,427.87,2139.37,223.10,10.43%,2139.37,2362.47,目标止盈,1.25,4H唐奇安趋势_L40_EMA180_ADX22_S2.4 向下跌破40根低点
4H唐奇安趋势_L40_EMA180_ADX22_S2.4_5年固定版_5x_20%,做空,2025-10-11 08:00,2025-10-15 08:00,112764.82,112993.30,119248.40,117611.77,93314.09,133062.49,5,20%,472.49,2362.47,-7.15,-0.30%,2362.47,2355.32,时间退出,96.00,4H唐奇安趋势_L40_EMA180_ADX22_S2.4 向下跌破40根低点
4H唐奇安趋势_L40_EMA180_ADX22_S2.4_5年固定版_5x_20%,做多,2025-10-27 08:00,2025-10-29 04:00,114519.85,112824.93,111657.13,112836.21,123108.02,93906.28,5,20%,471.06,2355.32,-37.20,-1.58%,2355.32,2318.12,跟踪止损,44.00,4H唐奇安趋势_L40_EMA180_ADX22_S2.4 向上突破40根高点
4H唐奇安趋势_L40_EMA180_ADX22_S2.4_5年固定版_5x_20%,做空,2025-10-31 00:00,2025-11-04 00:00,107645.83,105712.17,111626.17,110390.77,95704.81,127022.08,5,20%,463.62,2318.12,39.34,1.70%,2318.12,2357.46,时间退出,96.00,4H唐奇安趋势_L40_EMA180_ADX22_S2.4 向下跌破40根低点
4H唐奇安趋势_L40_EMA180_ADX22_S2.4_5年固定版_5x_20%,做空,2025-11-04 16:00,2025-11-05 23:30,104433.86,103535.39,108153.85,103525.03,93273.88,123231.95,5,20%,471.49,2357.46,17.93,0.76%,2357.46,2375.40,跟踪止损,31.50,4H唐奇安趋势_L40_EMA180_ADX22_S2.4 向下跌破40根低点
4H唐奇安趋势_L40_EMA180_ADX22_S2.4_5年固定版_5x_20%,做空,2025-11-18 04:00,2025-11-21 22:45,91642.03,85447.40,95520.46,85438.86,80006.75,108137.60,5,20%,475.08,2375.40,158.27,6.66%,2375.40,2533.67,跟踪止损,90.75,4H唐奇安趋势_L40_EMA180_ADX22_S2.4 向下跌破40根低点
4H唐奇安趋势_L40_EMA180_ADX22_S2.4_5年固定版_5x_20%,做空,2025-12-02 00:00,2025-12-02 21:45,84628.44,87733.85,87725.08,87725.08,75338.50,99861.55,5,20%,506.73,2533.67,-95.55,-3.77%,2533.67,2438.12,初始止损,21.75,4H唐奇安趋势_L40_EMA180_ADX22_S2.4 向下跌破40根低点
4H唐奇安趋势_L40_EMA180_ADX22_S2.4_5年固定版_5x_20%,做多,2026-01-04 12:00,2026-01-07 00:30,91203.72,92366.09,89271.82,92375.33,96999.41,74787.05,5,20%,487.62,2438.12,28.62,1.17%,2438.12,2466.74,跟踪止损,60.50,4H唐奇安趋势_L40_EMA180_ADX22_S2.4 向上突破40根高点
4H唐奇安趋势_L40_EMA180_ADX22_S2.4_5年固定版_5x_20%,做多,2026-01-15 04:00,2026-01-16 23:30,97222.92,94408.83,94418.27,94418.27,105636.87,79722.80,5,20%,493.35,2466.74,-73.83,-2.99%,2466.74,2392.91,初始止损,43.50,4H唐奇安趋势_L40_EMA180_ADX22_S2.4 向上突破40根高点
4H唐奇安趋势_L40_EMA180_ADX22_S2.4_5年固定版_5x_20%,做空,2026-01-20 16:00,2026-01-21 23:00,91122.69,90282.64,93177.81,90273.61,84957.31,107524.77,5,20%,478.58,2392.91,19.68,0.82%,2392.91,2412.58,跟踪止损,31.00,4H唐奇安趋势_L40_EMA180_ADX22_S2.4 向下跌破40根低点
4H唐奇安趋势_L40_EMA180_ADX22_S2.4_5年固定版_5x_20%,做空,2026-01-26 04:00,2026-01-26 23:00,86456.25,88559.11,88550.26,88550.26,80174.24,102018.38,5,20%,482.52,2412.58,-61.12,-2.53%,2412.58,2351.46,初始止损,19.00,4H唐奇安趋势_L40_EMA180_ADX22_S2.4 向下跌破40根低点
4H唐奇安趋势_L40_EMA180_ADX22_S2.4_5年固定版_5x_20%,做空,2026-01-30 00:00,2026-02-01 02:30,84893.01,75986.14,87864.50,81606.75,75978.54,100173.75,5,20%,470.29,2351.46,244.48,10.40%,2351.46,2595.94,目标止盈,50.50,4H唐奇安趋势_L40_EMA180_ADX22_S2.4 向下跌破40根低点
4H唐奇安趋势_L40_EMA180_ADX22_S2.4_5年固定版_5x_20%,做空,2026-02-01 04:00,2026-02-05 04:00,77704.43,73897.29,81975.14,77451.95,64892.30,91691.23,5,20%,519.19,2595.94,124.66,4.80%,2595.94,2720.60,时间退出,96.00,4H唐奇安趋势_L40_EMA180_ADX22_S2.4 向下跌破40根低点
4H唐奇安趋势_L40_EMA180_ADX22_S2.4_5年固定版_5x_20%,做空,2026-02-05 12:00,2026-02-06 09:45,71187.78,65512.73,75672.64,65506.17,57733.20,84001.58,5,20%,544.12,2720.60,214.27,7.88%,2720.60,2934.87,跟踪止损,21.75,4H唐奇安趋势_L40_EMA180_ADX22_S2.4 向下跌破40根低点
4H唐奇安趋势_L40_EMA180_ADX22_S2.4_5年固定版_5x_20%,做空,2026-02-24 12:00,2026-02-25 09:00,63555.84,65658.47,66163.72,65651.90,55732.21,74995.90,5,20%,586.97,2934.87,-100.08,-3.41%,2934.87,2834.80,跟踪止损,21.00,4H唐奇安趋势_L40_EMA180_ADX22_S2.4 向下跌破40根低点
4H唐奇安趋势_L40_EMA180_ADX22_S2.4_5年固定版_5x_20%,做多,2026-03-17 08:00,2026-03-18 19:30,74849.68,72758.58,72267.95,72765.86,82594.89,61376.74,5,20%,566.96,2834.80,-81.99,-2.89%,2834.80,2752.80,跟踪止损,35.50,4H唐奇安趋势_L40_EMA180_ADX22_S2.4 向上突破40根高点
4H唐奇安趋势_L40_EMA180_ADX22_S2.4_5年固定版_5x_20%,做空,2026-03-20 00:00,2026-03-23 19:00,69368.06,70784.29,72150.69,70777.22,61020.17,81854.31,5,20%,550.56,2752.80,-58.98,-2.14%,2752.80,2693.82,跟踪止损,91.00,4H唐奇安趋势_L40_EMA180_ADX22_S2.4 向下跌破40根低点
4H唐奇安趋势_L40_EMA180_ADX22_S2.4_5年固定版_5x_20%,做空,2026-03-28 00:00,2026-03-31 09:30,66084.89,68362.85,68831.57,68356.01,57844.85,77980.17,5,20%,538.76,2693.82,-95.60,-3.55%,2693.82,2598.22,跟踪止损,81.50,4H唐奇安趋势_L40_EMA180_ADX22_S2.4 向下跌破40根低点
4H唐奇安趋势_L40_EMA180_ADX22_S2.4_5年固定版_5x_20%,做多,2026-04-06 20:00,2026-04-07 22:00,69599.36,67760.16,67766.93,67766.93,75096.63,57071.47,5,20%,519.64,2598.22,-71.22,-2.74%,2598.22,2527.00,初始止损,26.00,4H唐奇安趋势_L40_EMA180_ADX22_S2.4 向上突破40根高点
4H唐奇安趋势_L40_EMA180_ADX22_S2.4_5年固定版_5x_20%,做多,2026-04-08 08:00,2026-04-12 08:00,71911.89,73007.40,69306.10,70550.98,79729.25,58967.75,5,20%,505.40,2527.00,35.95,1.42%,2527.00,2562.95,时间退出,96.00,4H唐奇安趋势_L40_EMA180_ADX22_S2.4 向上突破40根高点
4H唐奇安趋势_L40_EMA180_ADX22_S2.4_5年固定版_5x_20%,做多,2026-04-14 08:00,2026-04-18 08:00,74392.84,77025.30,72019.05,75364.94,81514.21,61002.13,5,20%,512.59,2562.95,88.08,3.44%,2562.95,2651.04,时间退出,96.00,4H唐奇安趋势_L40_EMA180_ADX22_S2.4 向上突破40根高点
4H唐奇安趋势_L40_EMA180_ADX22_S2.4_5年固定版_5x_20%,做多,2026-05-04 12:00,2026-05-04 18:15,80292.73,78518.83,78526.68,78526.68,85590.87,65840.04,5,20%,530.21,2651.04,-61.19,-2.31%,2651.04,2589.84,初始止损,6.25,4H唐奇安趋势_L40_EMA180_ADX22_S2.4 向上突破40根高点
4H唐奇安趋势_L40_EMA180_ADX22_S2.4_5年固定版_5x_20%,做多,2026-05-05 12:00,2026-05-07 23:15,80856.68,79946.74,78572.49,79954.73,87709.28,66302.48,5,20%,517.97,2589.84,-31.72,-1.22%,2589.84,2558.12,跟踪止损,59.25,4H唐奇安趋势_L40_EMA180_ADX22_S2.4 向上突破40根高点
4H唐奇安趋势_L40_EMA180_ADX22_S2.4_5年固定版_5x_20%,做空,2026-05-18 08:00,2026-05-22 08:00,77407.26,77590.86,79258.07,78321.84,71854.82,91340.57,5,20%,511.62,2558.12,-8.63,-0.34%,2558.12,2549.50,时间退出,96.00,4H唐奇安趋势_L40_EMA180_ADX22_S2.4 向下跌破40根低点
4H唐奇安趋势_L40_EMA180_ADX22_S2.4_5年固定版_5x_20%,做空,2026-05-23 04:00,2026-05-24 04:30,75822.82,76489.57,77655.94,76481.92,70323.45,89470.92,5,20%,509.90,2549.50,-24.98,-0.98%,2549.50,2524.52,跟踪止损,24.50,4H唐奇安趋势_L40_EMA180_ADX22_S2.4 向下跌破40根低点
