策略,退出,杠杆,保证金,交易数,胜率,全年收益,最终权益,最大回撤,后1/3交易数,后1/3收益,盈亏因子,平均盈利,平均亏损,最大连亏,止盈,信号退出,止损,时间退出,强平,平均持仓小时
Apollo11_15m,固定1%止盈_1%止损,3x,10%,506,44.66%,-28.35%,716.49,28.52%,197,-12.28%,0.64,2.25,-2.83,10,225,0,280,0,0,7.67
Apollo11_15m,固定1%止盈_1%止损,3x,20%,506,44.66%,-48.91%,510.94,49.12%,197,-23.20%,0.64,3.86,-4.86,10,225,0,280,0,0,7.67
Apollo11_15m,固定1%止盈_1%止损,5x,10%,506,44.66%,-42.78%,572.19,42.99%,197,-19.70%,0.64,3.38,-4.26,10,225,0,280,0,0,7.67
Apollo11_15m,固定1%止盈_1%止损,5x,20%,506,44.66%,-67.69%,323.14,67.87%,197,-35.85%,0.64,5.30,-6.69,10,225,0,280,0,0,7.67
Apollo11_15m,固定1.5%止盈_1%止损,3x,10%,441,36.73%,-22.90%,771.00,24.06%,174,-9.90%,0.72,3.64,-2.93,14,161,0,279,0,0,10.24
Apollo11_15m,固定1.5%止盈_1%止损,3x,20%,441,36.73%,-40.90%,590.95,42.60%,174,-19.00%,0.72,6.42,-5.20,14,161,0,279,0,0,10.24
Apollo11_15m,固定1.5%止盈_1%止损,5x,10%,441,36.73%,-35.38%,646.15,36.95%,174,-16.05%,0.72,5.58,-4.51,14,161,0,279,0,0,10.24
Apollo11_15m,固定1.5%止盈_1%止损,5x,20%,441,36.73%,-58.93%,410.75,60.79%,174,-29.98%,0.72,9.13,-7.42,14,161,0,279,0,0,10.24
Apollo11_15m,固定2%止盈_1.5%止损,3x,10%,324,39.51%,-20.25%,797.48,20.29%,133,-8.86%,0.76,4.98,-4.29,8,127,0,195,1,0,17.56
Apollo11_15m,固定2%止盈_1.5%止损,3x,20%,324,39.51%,-36.95%,630.52,37.01%,133,-17.23%,0.75,8.83,-7.65,8,127,0,195,1,0,17.56
Apollo11_15m,固定2%止盈_1.5%止损,5x,10%,324,39.51%,-31.75%,682.53,31.80%,133,-14.50%,0.76,7.66,-6.62,8,127,0,195,1,0,17.56
Apollo11_15m,固定2%止盈_1.5%止损,5x,20%,324,39.51%,-54.52%,454.82,54.59%,133,-27.61%,0.75,12.59,-11.00,8,127,0,195,1,0,17.56
Apollo11_15m,固定3%止盈_2%止损,3x,10%,204,37.25%,-15.56%,844.37,20.42%,89,-7.58%,0.79,7.65,-5.76,8,73,0,126,4,0,32.64
Apollo11_15m,固定3%止盈_2%止损,3x,20%,204,37.25%,-29.45%,705.49,37.18%,89,-14.98%,0.78,13.93,-10.57,8,73,0,126,4,0,32.64
Apollo11_15m,固定3%止盈_2%止损,5x,10%,204,37.25%,-25.01%,749.92,31.97%,89,-12.54%,0.78,11.98,-9.07,8,73,0,126,4,0,32.64
Apollo11_15m,固定3%止盈_2%止损,5x,20%,204,37.25%,-45.38%,546.18,54.73%,89,-24.48%,0.77,20.52,-15.73,8,73,0,126,4,0,32.64
Apollo11_15m,信号退出_2%止损,3x,10%,100,20.00%,-17.06%,829.40,19.89%,39,-6.62%,0.63,14.49,-5.76,18,0,0,80,19,0,78.04
Apollo11_15m,信号退出_2%止损,3x,20%,100,20.00%,-31.88%,681.17,36.15%,39,-13.17%,0.62,25.96,-10.47,18,0,0,80,19,0,78.04
Apollo11_15m,信号退出_2%止损,5x,10%,100,20.00%,-27.18%,728.16,31.10%,39,-11.00%,0.62,22.44,-9.01,18,0,0,80,19,0,78.04
Apollo11_15m,信号退出_2%止损,5x,20%,100,20.00%,-48.38%,516.17,53.17%,39,-21.67%,0.61,37.46,-15.41,18,0,0,80,19,0,78.04
Apollo11_15m,自定义锁盈_4%止损,3x,10%,110,62.73%,-14.83%,851.73,18.12%,49,-8.78%,0.68,4.58,-11.33,5,0,0,106,3,0,68.52
Apollo11_15m,自定义锁盈_4%止损,3x,20%,110,62.73%,-28.16%,718.42,33.40%,49,-17.11%,0.67,8.38,-20.98,5,0,0,106,3,0,68.52
Apollo11_15m,自定义锁盈_4%止损,5x,10%,110,62.73%,-23.88%,761.19,28.60%,49,-14.39%,0.68,7.20,-17.94,5,0,0,106,3,0,68.52
Apollo11_15m,自定义锁盈_4%止损,5x,20%,110,62.73%,-43.61%,563.93,49.96%,49,-27.48%,0.66,12.42,-31.54,5,0,0,106,3,0,68.52
Apollo11_15m,信号退出_8%止损,3x,10%,19,31.58%,-13.38%,866.18,19.25%,9,-6.61%,0.47,19.59,-19.33,6,0,0,10,8,0,449.82
Apollo11_15m,信号退出_8%止损,3x,20%,19,31.58%,-25.76%,742.43,35.18%,9,-13.26%,0.45,34.91,-35.93,6,0,0,10,8,0,449.82
Apollo11_15m,信号退出_8%止损,5x,10%,19,31.58%,-21.75%,782.49,30.21%,9,-11.04%,0.45,30.23,-30.68,6,0,0,10,8,0,449.82
Apollo11_15m,信号退出_8%止损,5x,20%,19,31.58%,-40.54%,594.62,52.12%,9,-22.07%,0.43,49.97,-54.24,6,0,0,10,8,0,449.82
Apollo11_15m,固定2%止盈_4%止损,3x,10%,159,59.12%,-22.63%,773.68,24.30%,65,-10.32%,0.67,4.97,-10.67,4,94,0,63,1,0,43.03
Apollo11_15m,固定2%止盈_4%止损,3x,20%,159,59.12%,-40.90%,590.95,43.23%,65,-19.99%,0.67,8.74,-18.94,4,94,0,63,1,0,43.03
Apollo11_15m,固定2%止盈_4%止损,5x,10%,159,59.12%,-35.26%,647.41,37.45%,65,-16.84%,0.67,7.60,-16.42,4,94,0,63,1,0,43.03
Apollo11_15m,固定2%止盈_4%止损,5x,20%,159,59.12%,-59.57%,404.31,61.89%,65,-31.86%,0.66,12.37,-27.05,4,94,0,63,1,0,43.03
Apollo11_15m,自定义锁盈_8%止损,3x,10%,64,73.44%,-12.55%,874.47,17.46%,32,-7.80%,0.67,5.37,-22.23,2,0,0,61,2,0,126.73
Apollo11_15m,自定义锁盈_8%止损,3x,20%,64,73.44%,-24.62%,753.84,32.53%,32,-15.40%,0.66,10.00,-42.11,2,0,0,61,2,0,126.73
Apollo11_15m,自定义锁盈_8%止损,5x,10%,64,73.44%,-20.67%,793.35,27.76%,32,-12.89%,0.66,8.53,-35.75,2,0,0,61,2,0,126.73
Apollo11_15m,自定义锁盈_8%止损,5x,20%,64,73.44%,-39.54%,604.61,49.25%,32,-25.19%,0.64,15.07,-64.93,2,0,0,61,2,0,126.73
Apollo11_15m,自定义锁盈_12%止损,3x,10%,45,80.00%,-12.96%,870.39,18.26%,17,-4.81%,0.54,4.18,-31.10,2,0,0,42,2,0,184.52
Apollo11_15m,自定义锁盈_12%止损,3x,20%,45,80.00%,-25.14%,748.55,33.86%,17,-9.75%,0.53,7.84,-59.30,2,0,0,42,2,0,184.52
Apollo11_15m,自定义锁盈_12%止损,5x,10%,45,80.00%,-21.18%,788.23,28.94%,17,-8.09%,0.53,6.67,-50.22,2,0,0,42,2,0,184.52
Apollo11_15m,自定义锁盈_12%止损,5x,20%,45,80.00%,-40.00%,600.02,50.99%,17,-16.51%,0.52,12.01,-92.48,2,0,0,42,2,0,184.52
CCI_BB_15m,固定1%止盈_1%止损,3x,10%,701,49.50%,-22.72%,772.81,23.83%,280,-5.60%,0.78,2.29,-2.89,6,345,0,354,2,0,6.85
CCI_BB_15m,固定1%止盈_1%止损,3x,20%,701,49.50%,-40.66%,593.43,42.31%,280,-11.12%,0.77,3.97,-5.04,6,345,0,354,2,0,6.85
CCI_BB_15m,固定1%止盈_1%止损,5x,10%,701,49.50%,-35.15%,648.51,36.67%,280,-9.29%,0.77,3.47,-4.39,6,345,0,354,2,0,6.85
CCI_BB_15m,固定1%止盈_1%止损,5x,20%,701,49.50%,-58.69%,413.14,60.50%,280,-18.30%,0.76,5.50,-7.05,6,345,0,354,2,0,6.85
CCI_BB_15m,固定1.5%止盈_1%止损,3x,10%,597,39.36%,-21.00%,790.00,24.03%,238,-5.29%,0.80,3.59,-2.91,17,233,0,362,1,0,9.53
CCI_BB_15m,固定1.5%止盈_1%止损,3x,20%,597,39.36%,-38.09%,619.09,42.64%,238,-10.59%,0.79,6.26,-5.11,17,233,0,362,1,0,9.53
CCI_BB_15m,固定1.5%止盈_1%止损,5x,10%,597,39.36%,-32.79%,672.10,36.96%,238,-8.83%,0.80,5.46,-4.45,17,233,0,362,1,0,9.53
CCI_BB_15m,固定1.5%止盈_1%止损,5x,20%,597,39.36%,-55.83%,441.73,60.93%,238,-17.62%,0.79,8.75,-7.22,17,233,0,362,1,0,9.53
CCI_BB_15m,固定2%止盈_1.5%止损,3x,10%,392,41.58%,-17.30%,827.04,20.07%,164,-5.30%,0.83,5.00,-4.32,7,162,0,228,1,0,17.05
CCI_BB_15m,固定2%止盈_1.5%止损,3x,20%,392,41.58%,-32.32%,676.84,36.64%,164,-10.71%,0.82,8.90,-7.74,7,162,0,228,1,0,17.05
CCI_BB_15m,固定2%止盈_1.5%止损,5x,10%,392,41.58%,-27.56%,724.44,31.47%,164,-8.90%,0.82,7.71,-6.69,7,162,0,228,1,0,17.05
CCI_BB_15m,固定2%止盈_1.5%止损,5x,20%,392,41.58%,-49.03%,509.72,54.10%,164,-18.02%,0.81,12.69,-11.18,7,162,0,228,1,0,17.05
CCI_BB_15m,固定3%止盈_2%止损,3x,10%,233,37.34%,-15.93%,840.74,19.69%,103,-4.24%,0.81,7.62,-5.63,16,85,0,144,3,0,32.17
CCI_BB_15m,固定3%止盈_2%止损,3x,20%,233,37.34%,-30.17%,698.30,36.06%,103,-8.79%,0.80,13.55,-10.14,16,85,0,144,3,0,32.17
CCI_BB_15m,固定3%止盈_2%止损,5x,10%,233,37.34%,-25.61%,743.87,30.95%,103,-7.24%,0.80,11.74,-8.75,16,85,0,144,3,0,32.17
CCI_BB_15m,固定3%止盈_2%止损,5x,20%,233,37.34%,-46.50%,535.01,53.44%,103,-15.24%,0.78,19.34,-14.71,16,85,0,144,3,0,32.17
CCI_BB_15m,信号退出_2%止损,3x,10%,629,76.95%,-18.93%,810.69,20.06%,242,-4.28%,0.77,1.30,-5.65,7,0,484,145,0,0,6.47
CCI_BB_15m,信号退出_2%止损,3x,20%,629,76.95%,-34.80%,651.96,36.51%,242,-8.68%,0.76,2.31,-10.11,7,0,484,145,0,0,6.47
CCI_BB_15m,信号退出_2%止损,5x,10%,629,76.95%,-29.83%,701.71,31.39%,242,-7.20%,0.76,2.00,-8.74,7,0,484,145,0,0,6.47
CCI_BB_15m,信号退出_2%止损,5x,20%,629,76.95%,-51.85%,481.50,53.78%,242,-14.70%,0.76,3.30,-14.60,7,0,484,145,0,0,6.47
CCI_BB_15m,自定义锁盈_4%止损,3x,10%,430,86.28%,-14.95%,850.50,16.71%,158,-6.08%,0.77,1.37,-11.17,3,0,371,58,0,0,12.22
CCI_BB_15m,自定义锁盈_4%止损,3x,20%,430,86.28%,-28.45%,715.54,31.32%,158,-12.19%,0.77,2.50,-20.54,3,0,371,58,0,0,12.22
CCI_BB_15m,自定义锁盈_4%止损,5x,10%,430,86.28%,-24.11%,758.88,26.67%,158,-10.15%,0.77,2.15,-17.61,3,0,371,58,0,0,12.22
CCI_BB_15m,自定义锁盈_4%止损,5x,20%,430,86.28%,-44.14%,558.60,47.71%,158,-20.33%,0.75,3.66,-30.52,3,0,371,58,0,0,12.22
CCI_BB_15m,信号退出_8%止损,3x,10%,193,89.12%,-13.60%,864.01,17.03%,94,-5.60%,0.71,1.90,-22.05,2,0,172,20,0,0,36.34
CCI_BB_15m,信号退出_8%止损,3x,20%,193,89.12%,-26.37%,736.33,31.98%,94,-11.45%,0.69,3.45,-40.81,2,0,172,20,0,0,36.34
CCI_BB_15m,信号退出_8%止损,5x,10%,193,89.12%,-22.21%,777.86,27.22%,94,-9.48%,0.70,2.97,-34.91,2,0,172,20,0,0,36.34
CCI_BB_15m,信号退出_8%止损,5x,20%,193,89.12%,-41.83%,581.71,48.84%,94,-19.51%,0.67,5.02,-61.08,2,0,172,20,0,0,36.34
CCI_BB_15m,固定2%止盈_4%止损,3x,10%,186,63.44%,-14.60%,853.96,19.41%,80,-5.85%,0.80,5.10,-10.99,4,118,0,66,1,0,39.41
CCI_BB_15m,固定2%止盈_4%止损,3x,20%,186,63.44%,-28.09%,719.07,35.75%,80,-11.88%,0.79,9.15,-20.01,4,118,0,66,1,0,39.41
CCI_BB_15m,固定2%止盈_4%止损,5x,10%,186,63.44%,-23.73%,762.68,30.63%,80,-9.85%,0.80,7.91,-17.21,4,118,0,66,1,0,39.41
CCI_BB_15m,固定2%止盈_4%止损,5x,20%,186,63.44%,-44.08%,559.20,53.31%,80,-20.08%,0.78,13.18,-29.36,4,118,0,66,1,0,39.41
CCI_BB_15m,自定义锁盈_8%止损,3x,10%,193,89.12%,-13.60%,864.01,17.03%,94,-5.60%,0.71,1.90,-22.05,2,0,172,20,0,0,36.34
CCI_BB_15m,自定义锁盈_8%止损,3x,20%,193,89.12%,-26.37%,736.33,31.98%,94,-11.45%,0.69,3.45,-40.81,2,0,172,20,0,0,36.34
CCI_BB_15m,自定义锁盈_8%止损,5x,10%,193,89.12%,-22.21%,777.86,27.22%,94,-9.48%,0.70,2.97,-34.91,2,0,172,20,0,0,36.34
CCI_BB_15m,自定义锁盈_8%止损,5x,20%,193,89.12%,-41.83%,581.71,48.84%,94,-19.51%,0.67,5.02,-61.08,2,0,172,20,0,0,36.34
CCI_BB_15m,自定义锁盈_12%止损,3x,10%,155,93.55%,-8.96%,910.37,15.12%,70,-1.75%,0.74,1.76,-34.50,2,0,143,11,0,0,47.90
CCI_BB_15m,自定义锁盈_12%止损,3x,20%,155,93.55%,-18.30%,816.96,28.69%,70,-4.00%,0.72,3.32,-66.42,2,0,143,11,0,0,47.90
CCI_BB_15m,自定义锁盈_12%止损,5x,10%,155,93.55%,-15.16%,848.38,24.33%,70,-3.20%,0.73,2.82,-56.08,2,0,143,11,0,0,47.90
CCI_BB_15m,自定义锁盈_12%止损,5x,20%,155,93.55%,-30.98%,690.23,44.52%,70,-7.78%,0.70,5.07,-104.52,2,0,143,11,0,0,47.90
FisherHull_15m,固定1%止盈_1%止损,3x,10%,913,47.97%,-34.09%,659.13,34.44%,380,-15.05%,0.73,2.16,-2.71,8,437,0,475,1,0,6.11
FisherHull_15m,固定1%止盈_1%止损,3x,20%,913,47.97%,-56.92%,430.82,57.37%,380,-28.09%,0.73,3.54,-4.46,8,437,0,475,1,0,6.11
FisherHull_15m,固定1%止盈_1%止损,5x,10%,913,47.97%,-50.31%,496.89,50.75%,380,-23.95%,0.73,3.14,-3.96,8,437,0,475,1,0,6.11
FisherHull_15m,固定1%止盈_1%止损,5x,20%,913,47.97%,-75.88%,241.20,76.30%,380,-42.72%,0.73,4.64,-5.88,8,437,0,475,1,0,6.11
FisherHull_15m,固定1.5%止盈_1%止损,3x,10%,721,39.67%,-23.53%,764.73,24.63%,305,-7.96%,0.81,3.54,-2.87,9,283,0,435,2,0,8.93
FisherHull_15m,固定1.5%止盈_1%止损,3x,20%,721,39.67%,-42.09%,579.14,43.68%,305,-15.63%,0.81,6.08,-4.97,9,283,0,435,2,0,8.93
FisherHull_15m,固定1.5%止盈_1%止损,5x,10%,721,39.67%,-36.39%,636.06,37.88%,305,-13.11%,0.81,5.33,-4.34,9,283,0,435,2,0,8.93
FisherHull_15m,固定1.5%止盈_1%止损,5x,20%,721,39.67%,-60.62%,393.78,62.32%,305,-25.36%,0.80,8.33,-6.87,9,283,0,435,2,0,8.93
FisherHull_15m,固定2%止盈_1.5%止损,3x,10%,436,41.06%,-21.23%,787.75,22.77%,187,-8.65%,0.80,4.85,-4.21,8,176,0,256,3,0,16.41
FisherHull_15m,固定2%止盈_1.5%止损,3x,20%,436,41.06%,-38.66%,613.36,40.95%,187,-16.96%,0.80,8.40,-7.35,8,176,0,256,3,0,16.41
FisherHull_15m,固定2%止盈_1.5%止损,5x,10%,436,41.06%,-33.24%,667.58,35.35%,187,-14.23%,0.80,7.34,-6.41,8,176,0,256,3,0,16.41
FisherHull_15m,固定2%止盈_1.5%止损,5x,20%,436,41.06%,-56.85%,431.48,59.36%,187,-27.46%,0.78,11.57,-10.27,8,176,0,256,3,0,16.41
FisherHull_15m,固定3%止盈_2%止损,3x,10%,252,37.30%,-17.72%,822.79,21.90%,109,-10.46%,0.80,7.73,-5.72,11,92,0,156,3,0,30.93
FisherHull_15m,固定3%止盈_2%止损,3x,20%,252,37.30%,-33.19%,668.15,39.60%,109,-20.27%,0.80,14.02,-10.44,11,92,0,156,3,0,30.93
FisherHull_15m,固定3%止盈_2%止损,5x,10%,252,37.30%,-28.28%,717.21,34.12%,109,-17.07%,0.80,12.07,-8.97,11,92,0,156,3,0,30.93
FisherHull_15m,固定3%止盈_2%止损,5x,20%,252,37.30%,-50.40%,495.99,57.83%,109,-32.29%,0.79,20.53,-15.41,11,92,0,156,3,0,30.93
FisherHull_15m,信号退出_2%止损,3x,10%,648,72.22%,-22.11%,778.93,23.47%,253,-6.72%,0.77,1.62,-5.45,7,0,468,179,0,0,8.36
FisherHull_15m,信号退出_2%止损,3x,20%,648,72.22%,-39.98%,600.20,42.01%,253,-13.44%,0.76,2.78,-9.44,7,0,468,179,0,0,8.36
FisherHull_15m,信号退出_2%止损,5x,10%,648,72.22%,-34.45%,655.47,36.33%,253,-11.20%,0.77,2.44,-8.25,7,0,468,179,0,0,8.36
FisherHull_15m,信号退出_2%止损,5x,20%,648,72.22%,-58.31%,416.88,60.56%,253,-22.28%,0.75,3.79,-13.08,7,0,468,179,0,0,8.36
FisherHull_15m,自定义锁盈_4%止损,3x,10%,427,83.61%,-17.37%,826.28,20.08%,160,-7.62%,0.77,1.66,-10.97,4,0,355,71,0,0,14.56
FisherHull_15m,自定义锁盈_4%止损,3x,20%,427,83.61%,-32.64%,673.61,36.81%,160,-15.22%,0.76,2.96,-19.74,4,0,355,71,0,0,14.56
FisherHull_15m,自定义锁盈_4%止损,5x,10%,427,83.61%,-27.78%,722.17,31.57%,160,-12.70%,0.77,2.56,-17.04,4,0,355,71,0,0,14.56
FisherHull_15m,自定义锁盈_4%止损,5x,20%,427,83.61%,-49.78%,502.16,54.66%,160,-25.17%,0.75,4.21,-28.58,4,0,355,71,0,0,14.56
FisherHull_15m,信号退出_8%止损,3x,10%,197,88.32%,-11.62%,883.82,17.47%,94,-3.72%,0.77,2.26,-22.15,3,0,174,22,0,0,37.44
FisherHull_15m,信号退出_8%止损,3x,20%,197,88.32%,-23.11%,768.87,32.61%,94,-8.02%,0.76,4.10,-41.05,3,0,174,22,0,0,37.44
FisherHull_15m,信号退出_8%止损,5x,10%,197,88.32%,-19.31%,806.87,27.81%,94,-6.53%,0.76,3.53,-35.10,3,0,174,22,0,0,37.44
FisherHull_15m,信号退出_8%止损,5x,20%,197,88.32%,-37.77%,622.26,49.46%,94,-14.51%,0.73,5.95,-61.40,3,0,174,22,0,0,37.44
FisherHull_15m,固定2%止盈_4%止损,3x,10%,199,64.32%,-12.10%,879.01,16.54%,86,-7.73%,0.85,5.24,-11.15,4,128,0,68,2,0,38.26
FisherHull_15m,固定2%止盈_4%止损,3x,20%,199,64.32%,-23.86%,761.40,31.09%,86,-15.42%,0.84,9.65,-20.75,4,128,0,68,2,0,38.26
FisherHull_15m,固定2%止盈_4%止损,5x,10%,199,64.32%,-19.99%,800.06,26.46%,86,-12.87%,0.84,8.27,-17.72,4,128,0,68,2,0,38.26
FisherHull_15m,固定2%止盈_4%止损,5x,20%,199,64.32%,-38.57%,614.26,47.53%,86,-25.46%,0.83,14.32,-31.25,4,128,0,68,2,0,38.26
FisherHull_15m,自定义锁盈_8%止损,3x,10%,198,88.38%,-11.73%,882.69,17.57%,94,-3.72%,0.77,2.24,-22.13,3,0,174,23,0,0,37.25
FisherHull_15m,自定义锁盈_8%止损,3x,20%,198,88.38%,-23.30%,766.96,32.78%,94,-8.02%,0.75,4.05,-40.97,3,0,174,23,0,0,37.25
FisherHull_15m,自定义锁盈_8%止损,5x,10%,198,88.38%,-19.48%,805.19,27.96%,94,-6.53%,0.76,3.49,-35.05,3,0,174,23,0,0,37.25
FisherHull_15m,自定义锁盈_8%止损,5x,20%,198,88.38%,-38.02%,619.78,49.66%,94,-14.51%,0.73,5.87,-61.22,3,0,174,23,0,0,37.25
FisherHull_15m,自定义锁盈_12%止损,3x,10%,142,92.96%,-7.34%,926.62,13.88%,64,-1.04%,0.79,2.07,-34.60,2,0,130,11,0,0,54.82
FisherHull_15m,自定义锁盈_12%止损,3x,20%,142,92.96%,-15.38%,846.21,26.70%,64,-2.61%,0.77,3.90,-66.82,2,0,130,11,0,0,54.82
FisherHull_15m,自定义锁盈_12%止损,5x,10%,142,92.96%,-12.63%,873.68,22.55%,64,-2.03%,0.78,3.31,-56.37,2,0,130,11,0,0,54.82
FisherHull_15m,自定义锁盈_12%止损,5x,20%,142,92.96%,-26.84%,731.59,42.05%,64,-5.55%,0.75,5.96,-105.50,2,0,130,11,0,0,54.82
NASOS_EWO_15m,固定1%止盈_1%止损,3x,10%,184,46.20%,-9.84%,901.64,10.20%,75,-5.64%,0.69,2.54,-3.17,5,85,0,99,0,0,5.66
NASOS_EWO_15m,固定1%止盈_1%止损,3x,20%,184,46.20%,-18.84%,811.56,19.48%,75,-11.03%,0.69,4.83,-6.05,5,85,0,99,0,0,5.66
NASOS_EWO_15m,固定1%止盈_1%止损,5x,10%,184,46.20%,-15.93%,840.70,16.49%,75,-9.26%,0.69,4.09,-5.12,5,85,0,99,0,0,5.66
NASOS_EWO_15m,固定1%止盈_1%止损,5x,20%,184,46.20%,-29.66%,703.43,30.57%,75,-17.83%,0.68,7.52,-9.45,5,85,0,99,0,0,5.66
NASOS_EWO_15m,固定1.5%止盈_1%止损,3x,10%,181,37.57%,-8.96%,910.35,9.79%,74,-5.06%,0.75,3.98,-3.19,9,68,0,113,0,0,8.11
NASOS_EWO_15m,固定1.5%止盈_1%止损,3x,20%,181,37.57%,-17.33%,826.73,18.79%,74,-9.95%,0.75,7.60,-6.10,9,68,0,113,0,0,8.11
NASOS_EWO_15m,固定1.5%止盈_1%止损,5x,10%,181,37.57%,-14.61%,853.94,15.87%,74,-8.34%,0.75,6.43,-5.16,9,68,0,113,0,0,8.11
NASOS_EWO_15m,固定1.5%止盈_1%止损,5x,20%,181,37.57%,-27.57%,724.31,29.64%,74,-16.21%,0.75,11.89,-9.60,9,68,0,113,0,0,8.11
NASOS_EWO_15m,固定2%止盈_1.5%止损,3x,10%,155,35.48%,-16.12%,838.82,16.25%,64,-9.51%,0.64,5.21,-4.47,11,54,0,100,1,0,14.53
NASOS_EWO_15m,固定2%止盈_1.5%止损,3x,20%,155,35.48%,-29.92%,700.76,30.14%,64,-18.25%,0.64,9.65,-8.30,11,54,0,100,1,0,14.53
NASOS_EWO_15m,固定2%止盈_1.5%止损,5x,10%,155,35.48%,-25.56%,744.39,25.76%,64,-15.42%,0.64,8.25,-7.09,11,54,0,100,1,0,14.53
NASOS_EWO_15m,固定2%止盈_1.5%止损,5x,20%,155,35.48%,-45.21%,547.87,45.49%,64,-28.79%,0.64,14.58,-12.54,11,54,0,100,1,0,14.53
NASOS_EWO_15m,固定3%止盈_2%止损,3x,10%,118,33.05%,-14.77%,852.33,17.16%,49,-6.41%,0.67,7.85,-5.74,9,39,0,78,0,0,32.47
NASOS_EWO_15m,固定3%止盈_2%止损,3x,20%,118,33.05%,-27.79%,722.09,31.68%,49,-12.63%,0.67,14.22,-10.54,9,39,0,78,0,0,32.47
NASOS_EWO_15m,固定3%止盈_2%止损,5x,10%,118,33.05%,-23.64%,763.64,27.11%,49,-10.58%,0.67,12.24,-9.04,9,39,0,78,0,0,32.47
NASOS_EWO_15m,固定3%止盈_2%止损,5x,20%,118,33.05%,-42.65%,573.45,47.54%,49,-20.59%,0.66,20.78,-15.66,9,39,0,78,0,0,32.47
NASOS_EWO_15m,信号退出_2%止损,3x,10%,166,66.87%,-9.81%,901.92,10.65%,65,-4.18%,0.70,2.05,-5.93,4,0,111,54,0,0,7.31
NASOS_EWO_15m,信号退出_2%止损,3x,20%,166,66.87%,-18.93%,810.70,20.42%,65,-8.34%,0.69,3.88,-11.27,4,0,111,54,0,0,7.31
NASOS_EWO_15m,信号退出_2%止损,5x,10%,166,66.87%,-15.97%,840.35,17.26%,65,-6.96%,0.70,3.30,-9.55,4,0,111,54,0,0,7.31
NASOS_EWO_15m,信号退出_2%止损,5x,20%,166,66.87%,-30.04%,699.58,32.13%,65,-13.83%,0.69,5.99,-17.55,4,0,111,54,0,0,7.31
NASOS_EWO_15m,自定义锁盈_4%止损,3x,10%,131,77.86%,-12.21%,877.92,12.67%,53,-4.62%,0.63,2.03,-11.34,3,0,102,28,0,0,15.80
NASOS_EWO_15m,自定义锁盈_4%止损,3x,20%,131,77.86%,-23.36%,766.44,24.06%,53,-9.27%,0.62,3.71,-21.11,3,0,102,28,0,0,15.80
NASOS_EWO_15m,自定义锁盈_4%止损,5x,10%,131,77.86%,-19.76%,802.44,20.40%,53,-7.72%,0.62,3.19,-18.02,3,0,102,28,0,0,15.80
NASOS_EWO_15m,自定义锁盈_4%止损,5x,20%,131,77.86%,-36.61%,633.86,37.41%,53,-15.48%,0.60,5.49,-31.93,3,0,102,28,0,0,15.80
NASOS_EWO_15m,信号退出_8%止损,3x,10%,84,85.71%,-11.19%,888.05,13.99%,38,-3.57%,0.60,2.29,-23.06,2,0,72,12,0,0,54.77
NASOS_EWO_15m,信号退出_8%止损,3x,20%,84,85.71%,-21.79%,782.09,26.52%,38,-7.36%,0.58,4.25,-43.64,2,0,72,12,0,0,54.77
NASOS_EWO_15m,信号退出_8%止损,5x,10%,84,85.71%,-18.33%,816.70,22.50%,38,-6.08%,0.59,3.63,-37.05,2,0,72,12,0,0,54.77
NASOS_EWO_15m,信号退出_8%止损,5x,20%,84,85.71%,-34.87%,651.28,41.06%,38,-12.70%,0.57,6.40,-67.43,2,0,72,12,0,0,54.77
NASOS_EWO_15m,固定2%止盈_4%止损,3x,10%,105,62.86%,-10.08%,899.20,15.68%,44,-3.51%,0.77,5.23,-11.43,4,66,0,38,0,0,40.19
NASOS_EWO_15m,固定2%止盈_4%止损,3x,20%,105,62.86%,-19.79%,802.06,29.43%,44,-7.21%,0.76,9.64,-21.38,4,66,0,38,0,0,40.19
NASOS_EWO_15m,固定2%止盈_4%止损,5x,10%,105,62.86%,-16.60%,833.97,25.06%,44,-5.96%,0.77,8.25,-18.22,4,66,0,38,0,0,40.19
NASOS_EWO_15m,固定2%止盈_4%止损,5x,20%,105,62.86%,-32.01%,679.92,44.99%,44,-12.38%,0.75,14.38,-32.55,4,66,0,38,0,0,40.19
NASOS_EWO_15m,自定义锁盈_8%止损,3x,10%,84,85.71%,-11.19%,888.05,13.99%,38,-3.57%,0.60,2.29,-23.06,2,0,72,12,0,0,54.77
NASOS_EWO_15m,自定义锁盈_8%止损,3x,20%,84,85.71%,-21.79%,782.09,26.52%,38,-7.36%,0.58,4.25,-43.64,2,0,72,12,0,0,54.77
NASOS_EWO_15m,自定义锁盈_8%止损,5x,10%,84,85.71%,-18.33%,816.70,22.50%,38,-6.08%,0.59,3.63,-37.05,2,0,72,12,0,0,54.77
NASOS_EWO_15m,自定义锁盈_8%止损,5x,20%,84,85.71%,-34.87%,651.28,41.06%,38,-12.70%,0.57,6.40,-67.43,2,0,72,12,0,0,54.77
NASOS_EWO_15m,自定义锁盈_12%止损,3x,10%,68,88.24%,-10.47%,895.27,13.28%,30,-3.63%,0.56,2.21,-29.68,1,0,60,6,1,0,79.22
NASOS_EWO_15m,自定义锁盈_12%止损,3x,20%,68,88.24%,-20.62%,793.82,25.47%,30,-7.46%,0.55,4.17,-57.03,1,0,60,6,1,0,79.22
NASOS_EWO_15m,自定义锁盈_12%止损,5x,10%,68,88.24%,-17.28%,827.21,21.53%,30,-6.16%,0.55,3.54,-48.18,1,0,60,6,1,0,79.22
NASOS_EWO_15m,自定义锁盈_12%止损,5x,20%,68,88.24%,-33.47%,665.34,40.02%,30,-12.84%,0.53,6.39,-89.74,1,0,60,6,1,0,79.22
SmartMoney_30m,固定1%止盈_1%止损,3x,10%,404,47.03%,-18.74%,812.56,18.91%,162,-7.52%,0.71,2.41,-3.01,6,189,0,214,1,0,6.35
SmartMoney_30m,固定1%止盈_1%止损,3x,20%,404,47.03%,-34.22%,657.80,34.48%,162,-14.60%,0.71,4.36,-5.47,6,189,0,214,1,0,6.35
SmartMoney_30m,固定1%止盈_1%止损,5x,10%,404,47.03%,-29.39%,706.09,29.62%,162,-12.29%,0.71,3.75,-4.71,6,189,0,214,1,0,6.35
SmartMoney_30m,固定1%止盈_1%止损,5x,20%,404,47.03%,-50.66%,493.42,50.98%,162,-23.39%,0.71,6.38,-8.03,6,189,0,214,1,0,6.35
SmartMoney_30m,固定1.5%止盈_1%止损,3x,10%,342,37.13%,-17.19%,828.11,17.60%,129,-8.19%,0.74,3.79,-3.04,9,127,0,215,0,0,8.95
SmartMoney_30m,固定1.5%止盈_1%止损,3x,20%,342,37.13%,-31.74%,682.64,32.41%,129,-15.85%,0.73,6.89,-5.55,9,127,0,215,0,0,8.95
SmartMoney_30m,固定1.5%止盈_1%止损,5x,10%,342,37.13%,-27.16%,728.41,27.76%,129,-13.35%,0.73,5.93,-4.77,9,127,0,215,0,0,8.95
SmartMoney_30m,固定1.5%止盈_1%止损,5x,20%,342,37.13%,-47.61%,523.87,48.47%,129,-25.27%,0.73,10.14,-8.20,9,127,0,215,0,0,8.95
SmartMoney_30m,固定2%止盈_1.5%止损,3x,10%,235,40.85%,-12.85%,871.48,12.93%,93,-7.50%,0.79,5.19,-4.51,5,94,0,139,1,0,16.71
SmartMoney_30m,固定2%止盈_1.5%止损,3x,20%,235,40.85%,-24.53%,754.73,24.65%,93,-14.66%,0.79,9.61,-8.40,5,94,0,139,1,0,16.71
SmartMoney_30m,固定2%止盈_1.5%止损,5x,10%,235,40.85%,-20.77%,792.35,20.88%,93,-12.31%,0.79,8.22,-7.17,5,94,0,139,1,0,16.71
SmartMoney_30m,固定2%止盈_1.5%止损,5x,20%,235,40.85%,-38.30%,616.97,38.47%,93,-23.63%,0.78,14.43,-12.72,5,94,0,139,1,0,16.71
SmartMoney_30m,固定3%止盈_2%止损,3x,10%,163,36.81%,-12.28%,877.24,14.19%,68,-9.13%,0.79,7.93,-5.81,8,59,0,100,3,0,29.99
SmartMoney_30m,固定3%止盈_2%止损,3x,20%,163,36.81%,-23.69%,763.10,26.84%,68,-17.71%,0.79,14.72,-10.87,8,59,0,100,3,0,29.99
SmartMoney_30m,固定3%止盈_2%止损,5x,10%,163,36.81%,-19.99%,800.14,22.79%,68,-14.91%,0.79,12.57,-9.26,8,59,0,100,3,0,29.99
SmartMoney_30m,固定3%止盈_2%止损,5x,20%,163,36.81%,-37.45%,625.46,41.45%,68,-28.29%,0.78,22.15,-16.54,8,59,0,100,3,0,29.99
SmartMoney_30m,信号退出_2%止损,3x,10%,155,40.65%,-6.04%,939.56,13.53%,61,-5.08%,0.89,8.01,-6.14,19,0,62,92,0,0,31.96
SmartMoney_30m,信号退出_2%止损,3x,20%,155,40.65%,-12.70%,872.99,25.58%,61,-10.43%,0.88,15.33,-11.88,19,0,62,92,0,0,31.96
SmartMoney_30m,信号退出_2%止损,5x,10%,155,40.65%,-10.43%,895.74,21.72%,61,-8.63%,0.89,12.97,-10.01,19,0,62,92,0,0,31.96
SmartMoney_30m,信号退出_2%止损,5x,20%,155,40.65%,-22.17%,778.25,39.53%,61,-17.82%,0.87,23.98,-18.83,19,0,62,92,0,0,31.96
SmartMoney_30m,自定义锁盈_4%止损,3x,10%,118,65.25%,-7.29%,927.11,13.14%,42,-4.32%,0.85,5.37,-11.86,4,0,53,64,0,0,42.71
SmartMoney_30m,自定义锁盈_4%止损,3x,20%,118,65.25%,-15.04%,849.59,25.02%,42,-8.99%,0.84,10.16,-22.76,4,0,53,64,0,0,42.71
SmartMoney_30m,自定义锁盈_4%止损,5x,10%,118,65.25%,-12.42%,875.81,21.20%,42,-7.40%,0.84,8.63,-19.24,4,0,53,64,0,0,42.71
SmartMoney_30m,自定义锁盈_4%止损,5x,20%,118,65.25%,-25.73%,742.74,38.99%,42,-15.62%,0.82,15.66,-35.68,4,0,53,64,0,0,42.71
SmartMoney_30m,信号退出_8%止损,3x,10%,61,75.41%,-5.19%,948.06,15.92%,20,-4.33%,0.85,6.59,-23.67,5,0,45,15,0,0,99.16
SmartMoney_30m,信号退出_8%止损,3x,20%,61,75.41%,-11.37%,886.26,29.91%,20,-9.04%,0.83,12.49,-45.89,5,0,45,15,0,0,99.16
SmartMoney_30m,信号退出_8%止损,5x,10%,61,75.41%,-9.22%,907.83,25.45%,20,-7.43%,0.84,10.60,-38.66,5,0,45,15,0,0,99.16
SmartMoney_30m,信号退出_8%止损,5x,20%,61,75.41%,-20.78%,792.19,45.78%,20,-15.82%,0.81,19.28,-72.99,5,0,45,15,0,0,99.16
SmartMoney_30m,固定2%止盈_4%止损,3x,10%,115,60.00%,-15.07%,849.35,17.01%,49,-6.99%,0.70,5.10,-10.92,4,68,0,43,3,0,43.37
SmartMoney_30m,固定2%止盈_4%止损,3x,20%,115,60.00%,-28.50%,714.95,31.61%,49,-13.82%,0.69,9.29,-20.13,4,68,0,43,3,0,43.37
SmartMoney_30m,固定2%止盈_4%止损,5x,10%,115,60.00%,-24.20%,757.97,27.00%,49,-11.57%,0.69,7.99,-17.24,4,68,0,43,3,0,43.37
SmartMoney_30m,固定2%止盈_4%止损,5x,20%,115,60.00%,-43.98%,560.23,47.75%,49,-22.63%,0.68,13.68,-30.09,4,68,0,43,3,0,43.37
SmartMoney_30m,自定义锁盈_8%止损,3x,10%,76,80.26%,-9.42%,905.81,16.09%,27,-6.29%,0.73,4.24,-23.53,2,0,40,35,0,0,76.66
SmartMoney_30m,自定义锁盈_8%止损,3x,20%,76,80.26%,-18.90%,810.99,30.22%,27,-12.68%,0.72,8.07,-45.41,2,0,40,35,0,0,76.66
SmartMoney_30m,自定义锁盈_8%止损,5x,10%,76,80.26%,-15.75%,842.55,25.72%,27,-10.54%,0.73,6.84,-38.31,2,0,40,35,0,0,76.66
SmartMoney_30m,自定义锁盈_8%止损,5x,20%,76,80.26%,-31.33%,686.73,46.23%,27,-21.24%,0.71,12.53,-71.85,2,0,40,35,0,0,76.66
SmartMoney_30m,自定义锁盈_12%止损,3x,10%,58,86.21%,-5.28%,947.17,12.45%,16,-3.25%,0.79,4.00,-31.61,2,0,36,20,1,0,111.46
SmartMoney_30m,自定义锁盈_12%止损,3x,20%,58,86.21%,-11.24%,887.58,24.04%,16,-7.08%,0.78,7.82,-62.91,2,0,36,20,1,0,111.46
SmartMoney_30m,自定义锁盈_12%止损,5x,10%,58,86.21%,-9.19%,908.13,20.28%,16,-5.75%,0.78,6.57,-52.53,2,0,36,20,1,0,111.46
SmartMoney_30m,自定义锁盈_12%止损,5x,20%,58,86.21%,-20.05%,799.52,38.12%,16,-13.00%,0.76,12.57,-103.61,2,0,36,20,1,0,111.46
