策略,方向,入场时间,出场时间,入场价,出场价,止损价,止盈价,强平价,杠杆,保证金比例,保证金U,名义仓位U,盈亏U,入场前权益,出场后权益,出场原因,持仓小时,备注
NASOS_EWO_15m,做多,2025-05-29 21:45,2025-05-29 22:30,107567.76,106481.43,106492.08,109181.27,75297.43,3x,10%,100.00,300.00,-3.33,1000.00,996.67,止损/移动止损,0.75,EWO/NFI/BB_RPB 多条件低位信号
NASOS_EWO_15m,做多,2025-05-30 09:00,2025-05-31 00:45,104920.49,103860.90,103871.29,106494.30,73444.34,3x,10%,99.67,299.00,-3.32,996.67,993.35,止损/移动止损,15.75,EWO/NFI/BB_RPB 多条件低位信号
NASOS_EWO_15m,做多,2025-05-31 01:00,2025-06-02 05:45,103891.99,105439.82,102853.07,105450.37,72724.39,3x,10%,99.34,298.01,4.14,993.35,997.49,固定止盈,52.75,EWO/NFI/BB_RPB 多条件低位信号
NASOS_EWO_15m,做多,2025-06-09 06:15,2025-06-09 19:15,105898.49,107476.22,104839.50,107486.97,74128.94,3x,10%,99.75,299.25,4.16,997.49,1001.65,固定止盈,13.00,EWO/NFI/BB_RPB 多条件低位信号
NASOS_EWO_15m,做多,2025-06-12 11:30,2025-06-12 21:15,107850.88,106761.70,106772.38,109468.65,75495.62,3x,10%,100.17,300.50,-3.33,1001.65,998.32,止损/移动止损,9.75,EWO/NFI/BB_RPB 多条件低位信号
NASOS_EWO_15m,做多,2025-06-13 08:30,2025-06-13 09:00,103692.47,102645.28,102655.54,105247.86,72584.73,3x,10%,99.83,299.50,-3.32,998.32,994.99,止损/移动止损,0.50,EWO/NFI/BB_RPB 多条件低位信号
NASOS_EWO_15m,做多,2025-06-13 22:30,2025-06-13 23:15,104117.41,105668.60,103076.24,105679.17,72882.19,3x,10%,99.50,298.50,4.15,994.99,999.14,固定止盈,0.75,EWO/NFI/BB_RPB 多条件低位信号
NASOS_EWO_15m,做多,2025-06-20 22:45,2025-06-21 00:30,104846.08,103787.24,103797.62,106418.77,73392.26,3x,10%,99.91,299.74,-3.33,999.14,995.82,止损/移动止损,1.75,EWO/NFI/BB_RPB 多条件低位信号
NASOS_EWO_15m,做多,2025-06-22 03:00,2025-06-22 05:15,102627.26,101590.83,101600.99,104166.67,71839.08,3x,10%,99.58,298.74,-3.31,995.82,992.50,止损/移动止损,2.25,EWO/NFI/BB_RPB 多条件低位信号
NASOS_EWO_15m,做多,2025-06-22 21:30,2025-06-22 22:15,101027.90,100007.62,100017.62,102543.32,70719.53,3x,10%,99.25,297.75,-3.30,992.50,989.20,止损/移动止损,0.75,EWO/NFI/BB_RPB 多条件低位信号
NASOS_EWO_15m,做多,2025-06-30 23:00,2025-07-01 22:45,106775.48,105697.15,105707.72,108377.11,74742.83,3x,10%,98.92,296.76,-3.29,989.20,985.91,止损/移动止损,23.75,EWO/NFI/BB_RPB 多条件低位信号
NASOS_EWO_15m,做多,2025-07-04 22:00,2025-07-07 05:30,107940.79,109548.95,106861.39,109559.90,75558.56,3x,10%,98.59,295.77,4.11,985.91,990.01,固定止盈,55.50,EWO/NFI/BB_RPB 多条件低位信号
NASOS_EWO_15m,做多,2025-07-12 00:00,2025-07-13 21:45,116926.99,118669.03,115757.72,118680.90,81848.89,3x,10%,99.00,297.00,4.13,990.01,994.14,固定止盈,45.75,EWO/NFI/BB_RPB 多条件低位信号
NASOS_EWO_15m,做多,2025-07-14 22:45,2025-07-14 23:45,120992.70,119770.79,119782.77,122807.59,84694.89,3x,10%,99.41,298.24,-3.31,994.14,990.83,止损/移动止损,1.00,EWO/NFI/BB_RPB 多条件低位信号
NASOS_EWO_15m,做多,2025-07-18 22:30,2025-07-21 06:15,117998.00,116806.34,116818.02,119767.97,82598.60,3x,10%,99.08,297.25,-3.30,990.83,987.53,止损/移动止损,55.75,EWO/NFI/BB_RPB 多条件低位信号
NASOS_EWO_15m,做多,2025-07-24 12:45,2025-07-25 10:30,117929.39,116738.42,116750.10,119698.33,82550.57,3x,10%,98.75,296.26,-3.29,987.53,984.25,止损/移动止损,21.75,EWO/NFI/BB_RPB 多条件低位信号
NASOS_EWO_15m,做多,2025-07-31 03:00,2025-07-31 08:30,116510.25,118246.08,115345.15,118257.90,81557.17,3x,10%,98.42,295.27,4.10,984.25,988.35,固定止盈,5.50,EWO/NFI/BB_RPB 多条件低位信号
NASOS_EWO_15m,做多,2025-08-15 21:45,2025-08-15 23:30,117990.60,116799.01,116810.69,119760.46,82593.42,3x,10%,98.83,296.50,-3.29,988.35,985.06,止损/移动止损,1.75,EWO/NFI/BB_RPB 多条件低位信号
NASOS_EWO_15m,做多,2025-08-18 09:30,2025-08-18 10:45,116614.56,115436.87,115448.41,118363.78,81630.19,3x,10%,98.51,295.52,-3.28,985.06,981.78,止损/移动止损,1.25,EWO/NFI/BB_RPB 多条件低位信号
NASOS_EWO_15m,做多,2025-08-19 22:15,2025-08-19 23:00,114775.38,113616.26,113627.62,116497.01,80342.76,3x,10%,98.18,294.53,-3.27,981.78,978.51,止损/移动止损,0.75,EWO/NFI/BB_RPB 多条件低位信号
NASOS_EWO_15m,做多,2025-08-20 22:00,2025-08-21 01:45,112649.56,114327.87,111523.07,114339.31,78854.69,3x,10%,97.85,293.55,4.08,978.51,982.59,固定止盈,3.75,EWO/NFI/BB_RPB 多条件低位信号
NASOS_EWO_15m,做多,2025-08-25 03:45,2025-08-25 04:00,113033.80,111892.27,111903.46,114729.31,79123.66,3x,10%,98.26,294.78,-3.27,982.59,979.32,止损/移动止损,0.25,EWO/NFI/BB_RPB 多条件低位信号
NASOS_EWO_15m,做多,2025-08-26 03:45,2025-08-26 04:00,111165.22,110042.56,110053.56,112832.69,77815.65,3x,10%,97.93,293.80,-3.26,979.32,976.06,止损/移动止损,0.25,EWO/NFI/BB_RPB 多条件低位信号
NASOS_EWO_15m,做多,2025-08-26 04:15,2025-08-26 08:45,110038.40,108927.12,108938.02,111688.98,77026.88,3x,10%,97.61,292.82,-3.25,976.06,972.81,止损/移动止损,4.50,EWO/NFI/BB_RPB 多条件低位信号
NASOS_EWO_15m,做多,2025-08-29 15:15,2025-08-29 17:00,110511.05,109395.00,109405.94,112168.72,77357.74,3x,10%,97.28,291.84,-3.24,972.81,969.58,止损/移动止损,1.75,EWO/NFI/BB_RPB 多条件低位信号
NASOS_EWO_15m,做多,2025-09-01 07:30,2025-09-01 12:15,108346.93,107252.74,107263.46,109972.14,75842.85,3x,10%,96.96,290.87,-3.23,969.58,966.35,止损/移动止损,4.75,EWO/NFI/BB_RPB 多条件低位信号
NASOS_EWO_15m,做多,2025-09-02 05:45,2025-09-02 07:45,107554.45,109156.85,106478.91,109167.77,75288.12,3x,10%,96.63,289.90,4.03,966.35,970.38,固定止盈,2.00,EWO/NFI/BB_RPB 多条件低位信号
NASOS_EWO_15m,做多,2025-09-02 20:45,2025-09-02 21:30,108744.47,110364.60,107657.03,110375.64,76121.13,3x,10%,97.04,291.11,4.04,970.38,974.42,固定止盈,0.75,EWO/NFI/BB_RPB 多条件低位信号
NASOS_EWO_15m,做多,2025-09-04 22:15,2025-09-05 06:45,109774.88,111410.36,108677.13,111421.50,76842.41,3x,10%,97.44,292.33,4.06,974.42,978.48,固定止盈,8.50,EWO/NFI/BB_RPB 多条件低位信号
NASOS_EWO_15m,做多,2025-09-05 22:30,2025-09-08 22:30,110966.00,112619.22,109856.34,112630.49,77676.20,3x,10%,97.85,293.54,4.08,978.48,982.56,固定止盈,72.00,EWO/NFI/BB_RPB 多条件低位信号
NASOS_EWO_15m,做多,2025-09-09 22:45,2025-09-10 20:30,111556.75,113218.78,110441.19,113230.11,78089.73,3x,10%,98.26,294.77,4.09,982.56,986.65,固定止盈,21.75,EWO/NFI/BB_RPB 多条件低位信号
NASOS_EWO_15m,做多,2025-09-18 02:45,2025-09-18 06:45,114867.29,116578.64,113718.61,116590.29,80407.10,3x,10%,98.67,296.00,4.11,986.65,990.76,固定止盈,4.00,EWO/NFI/BB_RPB 多条件低位信号
NASOS_EWO_15m,做多,2025-09-19 23:15,2025-09-22 08:45,115487.55,114321.24,114332.67,117219.86,80841.28,3x,10%,99.08,297.23,-3.30,990.76,987.47,止损/移动止损,57.50,EWO/NFI/BB_RPB 多条件低位信号
NASOS_EWO_15m,做多,2025-09-22 09:00,2025-09-22 14:00,114348.33,113193.53,113204.85,116063.56,80043.83,3x,10%,98.75,296.24,-3.29,987.47,984.18,止损/移动止损,5.00,EWO/NFI/BB_RPB 多条件低位信号
NASOS_EWO_15m,做多,2025-09-22 14:15,2025-09-23 10:45,112922.29,111781.89,111793.07,114616.13,79045.60,3x,10%,98.42,295.25,-3.28,984.18,980.91,止损/移动止损,20.50,EWO/NFI/BB_RPB 多条件低位信号
NASOS_EWO_15m,做多,2025-09-24 01:45,2025-09-24 22:45,111981.30,113649.65,110861.48,113661.02,78386.91,3x,10%,98.09,294.27,4.09,980.91,984.99,固定止盈,21.00,EWO/NFI/BB_RPB 多条件低位信号
NASOS_EWO_15m,做多,2025-09-26 01:15,2025-09-26 01:45,110121.01,109008.90,109019.80,111772.83,77084.71,3x,10%,98.50,295.50,-3.28,984.99,981.71,止损/移动止损,0.50,EWO/NFI/BB_RPB 多条件低位信号
NASOS_EWO_15m,做多,2025-10-05 17:45,2025-10-06 21:15,122957.69,124789.58,121728.12,124802.06,86070.39,3x,10%,98.17,294.51,4.09,981.71,985.81,固定止盈,27.50,EWO/NFI/BB_RPB 多条件低位信号
NASOS_EWO_15m,做多,2025-10-07 22:15,2025-10-07 23:30,122811.18,121570.91,121583.07,124653.35,85967.83,3x,10%,98.58,295.74,-3.28,985.81,982.52,止损/移动止损,1.25,EWO/NFI/BB_RPB 多条件低位信号
NASOS_EWO_15m,做多,2025-10-09 16:30,2025-10-09 20:00,121149.91,122954.87,119938.41,122967.16,84804.94,3x,10%,98.25,294.76,4.09,982.52,986.62,固定止盈,3.50,EWO/NFI/BB_RPB 多条件低位信号
NASOS_EWO_15m,做多,2025-10-10 23:00,2025-10-10 23:15,120435.14,119218.87,119230.79,122241.67,84304.60,3x,10%,98.66,295.99,-3.28,986.62,983.34,止损/移动止损,0.25,EWO/NFI/BB_RPB 多条件低位信号
NASOS_EWO_15m,做多,2025-10-10 23:30,2025-10-11 01:00,119187.82,117984.14,117995.94,120975.63,83431.47,3x,10%,98.33,295.00,-3.27,983.34,980.06,止损/移动止损,1.50,EWO/NFI/BB_RPB 多条件低位信号
NASOS_EWO_15m,做多,2025-10-11 05:00,2025-10-11 05:00,114226.22,113072.65,113083.96,115939.61,79958.36,3x,10%,98.01,294.02,-3.26,980.06,976.80,止损/移动止损,0.00,EWO/NFI/BB_RPB 多条件低位信号
NASOS_EWO_15m,做多,2025-10-11 05:15,2025-10-11 05:15,112176.72,111043.84,111054.95,113859.37,78523.70,3x,10%,97.68,293.04,-3.25,976.80,973.55,止损/移动止损,0.00,EWO/NFI/BB_RPB 多条件低位信号
NASOS_EWO_15m,做多,2025-10-11 05:30,2025-10-11 05:30,108481.85,110098.06,107397.03,110109.07,75937.29,3x,10%,97.35,292.06,4.06,973.55,977.61,固定止盈,0.00,EWO/NFI/BB_RPB 多条件低位信号
NASOS_EWO_15m,做多,2025-10-11 05:45,2025-10-11 05:45,110651.06,112299.60,109544.55,112310.83,77455.74,3x,10%,97.76,293.28,4.07,977.61,981.68,固定止盈,0.00,EWO/NFI/BB_RPB 多条件低位信号
NASOS_EWO_15m,做多,2025-10-13 19:30,2025-10-13 21:30,113587.36,115279.64,112451.48,115291.17,79511.15,3x,10%,98.17,294.50,4.09,981.68,985.77,固定止盈,2.00,EWO/NFI/BB_RPB 多条件低位信号
NASOS_EWO_15m,做多,2025-10-16 22:15,2025-10-16 23:30,110181.82,109069.09,109080.00,111834.54,77127.27,3x,10%,98.58,295.73,-3.28,985.77,982.49,止损/移动止损,1.25,EWO/NFI/BB_RPB 多条件低位信号
NASOS_EWO_15m,做多,2025-10-17 14:45,2025-10-17 15:30,106993.40,105912.87,105923.46,108598.30,74895.38,3x,10%,98.25,294.75,-3.27,982.49,979.22,止损/移动止损,0.75,EWO/NFI/BB_RPB 多条件低位信号
NASOS_EWO_15m,做多,2025-10-20 08:30,2025-10-20 11:45,107627.96,109231.46,106551.68,109242.38,75339.57,3x,10%,97.92,293.77,4.08,979.22,983.30,固定止盈,3.25,EWO/NFI/BB_RPB 多条件低位信号
NASOS_EWO_15m,做多,2025-10-24 22:30,2025-10-25 15:15,109968.20,111606.56,108868.51,111617.72,76977.74,3x,10%,98.33,294.99,4.10,983.30,987.40,固定止盈,16.75,EWO/NFI/BB_RPB 多条件低位信号
NASOS_EWO_15m,做多,2025-10-29 03:30,2025-10-29 04:15,113658.36,112510.53,112521.78,115363.24,79560.86,3x,10%,98.74,296.22,-3.29,987.40,984.11,止损/移动止损,0.75,EWO/NFI/BB_RPB 多条件低位信号
NASOS_EWO_15m,做多,2025-10-30 12:30,2025-10-30 13:45,108343.03,109957.18,107259.60,109968.18,75840.12,3x,10%,98.41,295.23,4.10,984.11,988.21,固定止盈,1.25,EWO/NFI/BB_RPB 多条件低位信号
NASOS_EWO_15m,做多,2025-11-02 06:00,2025-11-03 10:45,109823.18,108714.08,108724.95,111470.53,76876.23,3x,10%,98.82,296.46,-3.29,988.21,984.93,止损/移动止损,28.75,EWO/NFI/BB_RPB 多条件低位信号
NASOS_EWO_15m,做多,2025-11-03 23:30,2025-11-04 01:15,105916.79,107494.79,104857.62,107505.54,74141.75,3x,10%,98.49,295.48,4.10,984.93,989.03,固定止盈,1.75,EWO/NFI/BB_RPB 多条件低位信号
NASOS_EWO_15m,做多,2025-11-04 13:30,2025-11-04 13:45,105624.66,104557.96,104568.41,107209.03,73937.26,3x,10%,98.90,296.71,-3.29,989.03,985.74,止损/移动止损,0.25,EWO/NFI/BB_RPB 多条件低位信号
NASOS_EWO_15m,做多,2025-11-04 14:00,2025-11-04 22:30,104182.32,103130.18,103140.49,105745.05,72927.62,3x,10%,98.57,295.72,-3.28,985.74,982.46,止损/移动止损,8.50,EWO/NFI/BB_RPB 多条件低位信号
NASOS_EWO_15m,做多,2025-11-05 01:15,2025-11-05 02:15,101322.53,100299.27,100309.31,102842.37,70925.77,3x,10%,98.25,294.74,-3.27,982.46,979.19,止损/移动止损,1.00,EWO/NFI/BB_RPB 多条件低位信号
NASOS_EWO_15m,做多,2025-11-06 20:45,2025-11-07 00:30,102403.34,101369.17,101379.31,103939.39,71682.34,3x,10%,97.92,293.76,-3.26,979.19,975.93,止损/移动止损,3.75,EWO/NFI/BB_RPB 多条件低位信号
NASOS_EWO_15m,做多,2025-11-07 00:45,2025-11-07 02:45,100539.45,102037.34,99534.06,102047.54,70377.62,3x,10%,97.59,292.78,4.07,975.93,980.00,固定止盈,2.00,EWO/NFI/BB_RPB 多条件低位信号
NASOS_EWO_15m,做多,2025-11-10 23:00,2025-11-11 09:15,104870.69,106433.10,103821.98,106443.75,73409.48,3x,10%,98.00,294.00,4.08,980.00,984.08,固定止盈,10.25,EWO/NFI/BB_RPB 多条件低位信号
NASOS_EWO_15m,做多,2025-11-12 23:00,2025-11-12 23:30,103958.49,102908.62,102918.91,105517.87,72770.95,3x,10%,98.41,295.22,-3.28,984.08,980.80,止损/移动止损,0.50,EWO/NFI/BB_RPB 多条件低位信号
NASOS_EWO_15m,做多,2025-11-12 23:45,2025-11-13 00:00,102744.07,101706.46,101716.63,104285.23,71920.85,3x,10%,98.08,294.24,-3.26,980.80,977.54,止损/移动止损,0.25,EWO/NFI/BB_RPB 多条件低位信号
NASOS_EWO_15m,做多,2025-11-14 12:45,2025-11-14 14:45,97557.15,96571.93,96581.58,99020.51,68290.01,3x,10%,97.75,293.26,-3.25,977.54,974.29,止损/移动止损,2.00,EWO/NFI/BB_RPB 多条件低位信号
NASOS_EWO_15m,做多,2025-11-17 00:00,2025-11-17 05:00,94549.65,93594.80,93604.16,95967.90,66184.76,3x,10%,97.43,292.29,-3.24,974.29,971.04,止损/移动止损,5.00,EWO/NFI/BB_RPB 多条件低位信号
NASOS_EWO_15m,做多,2025-11-17 21:15,2025-11-17 21:30,94909.49,93951.00,93960.40,96333.13,66436.64,3x,10%,97.10,291.31,-3.23,971.04,967.81,止损/移动止损,0.25,EWO/NFI/BB_RPB 多条件低位信号
NASOS_EWO_15m,做多,2025-11-17 21:45,2025-11-17 22:30,93829.48,95227.40,92891.19,95236.92,65680.64,3x,10%,96.78,290.34,4.03,967.81,971.85,固定止盈,0.75,EWO/NFI/BB_RPB 多条件低位信号
NASOS_EWO_15m,做多,2025-11-19 23:45,2025-11-20 00:15,90666.47,89750.83,89759.80,92026.46,63466.53,3x,10%,97.18,291.55,-3.23,971.85,968.61,止损/移动止损,0.50,EWO/NFI/BB_RPB 多条件低位信号
NASOS_EWO_15m,做多,2025-11-20 14:45,2025-11-20 22:00,91818.88,90891.60,90900.69,93196.16,64273.22,3x,10%,96.86,290.58,-3.22,968.61,965.39,止损/移动止损,7.25,EWO/NFI/BB_RPB 多条件低位信号
NASOS_EWO_15m,做多,2025-11-20 22:15,2025-11-21 00:00,90679.77,89763.99,89772.97,92039.96,63475.84,3x,10%,96.54,289.62,-3.21,965.39,962.17,止损/移动止损,1.75,EWO/NFI/BB_RPB 多条件低位信号
NASOS_EWO_15m,做多,2025-11-21 00:15,2025-11-21 00:45,88674.87,87779.34,87788.12,90004.99,62072.41,3x,10%,96.22,288.65,-3.20,962.17,958.97,止损/移动止损,0.50,EWO/NFI/BB_RPB 多条件低位信号
NASOS_EWO_15m,做多,2025-12-01 08:15,2025-12-01 08:30,88903.39,88005.55,88014.36,90236.94,62232.37,3x,10%,95.90,287.69,-3.19,958.97,955.78,止损/移动止损,0.25,EWO/NFI/BB_RPB 多条件低位信号
NASOS_EWO_15m,做多,2025-12-01 08:45,2025-12-01 10:30,87717.17,86831.32,86840.00,89032.93,61402.02,3x,10%,95.58,286.73,-3.18,955.78,952.60,止损/移动止损,1.75,EWO/NFI/BB_RPB 多条件低位信号
NASOS_EWO_15m,做多,2025-12-01 23:45,2025-12-02 00:30,83919.79,85170.07,83080.59,85178.59,58743.85,3x,10%,95.26,285.78,3.97,952.60,956.57,固定止盈,0.75,EWO/NFI/BB_RPB 多条件低位信号
NASOS_EWO_15m,做多,2025-12-03 22:15,2025-12-03 22:30,91991.50,93362.03,91071.58,93371.37,64394.05,3x,10%,95.66,286.97,3.99,956.57,960.56,固定止盈,0.25,EWO/NFI/BB_RPB 多条件低位信号
NASOS_EWO_15m,做多,2025-12-05 03:15,2025-12-05 05:00,91261.83,92621.49,90349.21,92630.75,63883.28,3x,10%,96.06,288.17,4.00,960.56,964.56,固定止盈,1.75,EWO/NFI/BB_RPB 多条件低位信号
NASOS_EWO_15m,做多,2025-12-05 17:30,2025-12-05 21:30,91318.03,90395.81,90404.85,92687.80,63922.62,3x,10%,96.46,289.37,-3.21,964.56,961.35,止损/移动止损,4.00,EWO/NFI/BB_RPB 多条件低位信号
NASOS_EWO_15m,做多,2025-12-06 00:15,2025-12-06 00:30,89331.63,88429.47,88438.32,90671.61,62532.14,3x,10%,96.13,288.40,-3.20,961.35,958.15,止损/移动止损,0.25,EWO/NFI/BB_RPB 多条件低位信号
NASOS_EWO_15m,做多,2025-12-06 16:30,2025-12-07 22:15,89252.82,88351.46,88360.30,90591.62,62476.98,3x,10%,95.81,287.44,-3.19,958.15,954.96,止损/移动止损,29.75,EWO/NFI/BB_RPB 多条件低位信号
NASOS_EWO_15m,做多,2025-12-07 22:30,2025-12-07 23:45,87891.79,89201.24,87012.87,89210.17,61524.25,3x,10%,95.50,286.49,3.98,954.96,958.94,固定止盈,1.25,EWO/NFI/BB_RPB 多条件低位信号
NASOS_EWO_15m,做多,2025-12-08 06:15,2025-12-08 09:00,89335.93,90666.90,88442.57,90675.97,62535.15,3x,10%,95.89,287.68,4.00,958.94,962.94,固定止盈,2.75,EWO/NFI/BB_RPB 多条件低位信号
NASOS_EWO_15m,做多,2025-12-08 23:15,2025-12-09 23:30,90208.42,91552.39,89306.34,91561.55,63145.89,3x,10%,96.29,288.88,4.01,962.94,966.95,固定止盈,24.25,EWO/NFI/BB_RPB 多条件低位信号
NASOS_EWO_15m,做多,2025-12-11 23:00,2025-12-12 02:30,89509.95,90843.51,88614.85,90852.60,62656.97,3x,10%,96.69,290.08,4.03,966.95,970.98,固定止盈,3.50,EWO/NFI/BB_RPB 多条件低位信号
NASOS_EWO_15m,做多,2025-12-12 23:30,2025-12-12 23:45,90791.68,89874.77,89883.76,92153.55,63554.17,3x,10%,97.10,291.29,-3.23,970.98,967.75,止损/移动止损,0.25,EWO/NFI/BB_RPB 多条件低位信号
NASOS_EWO_15m,做多,2025-12-13 00:00,2025-12-14 19:30,89880.29,88972.59,88981.48,91228.49,62916.20,3x,10%,96.77,290.32,-3.22,967.75,964.53,止损/移动止损,43.50,EWO/NFI/BB_RPB 多条件低位信号
NASOS_EWO_15m,做多,2025-12-14 19:45,2025-12-15 07:00,88825.98,87928.93,87937.72,90158.37,62178.19,3x,10%,96.45,289.36,-3.21,964.53,961.32,止损/移动止损,11.25,EWO/NFI/BB_RPB 多条件低位信号
NASOS_EWO_15m,做多,2025-12-15 23:00,2025-12-15 23:15,88013.70,87124.85,87133.56,89333.91,61609.59,3x,10%,96.13,288.39,-3.20,961.32,958.12,止损/移动止损,0.25,EWO/NFI/BB_RPB 多条件低位信号
NASOS_EWO_15m,做多,2025-12-15 23:30,2025-12-16 01:30,86839.08,85962.10,85970.69,88141.67,60787.36,3x,10%,95.81,287.43,-3.19,958.12,954.93,止损/移动止损,2.00,EWO/NFI/BB_RPB 多条件低位信号
NASOS_EWO_15m,做多,2025-12-20 01:45,2025-12-20 13:15,87098.81,88396.45,86227.82,88405.29,60969.17,3x,10%,95.49,286.48,3.98,954.93,958.91,固定止盈,11.50,EWO/NFI/BB_RPB 多条件低位信号
NASOS_EWO_15m,做多,2025-12-23 23:00,2025-12-24 00:00,86845.18,88139.05,85976.73,88147.86,60791.63,3x,10%,95.89,287.67,4.00,958.91,962.90,固定止盈,1.00,EWO/NFI/BB_RPB 多条件低位信号
NASOS_EWO_15m,做多,2025-12-25 16:30,2025-12-26 10:15,87411.94,88714.25,86537.82,88723.12,61188.36,3x,10%,96.29,288.87,4.01,962.90,966.92,固定止盈,17.75,EWO/NFI/BB_RPB 多条件低位信号
NASOS_EWO_15m,做多,2025-12-26 23:00,2025-12-29 10:00,87351.73,88653.14,86478.22,88662.01,61146.21,3x,10%,96.69,290.07,4.03,966.92,970.95,固定止盈,59.00,EWO/NFI/BB_RPB 多条件低位信号
NASOS_EWO_15m,做多,2025-12-29 17:45,2025-12-29 20:00,88215.52,87324.63,87333.37,89538.75,61750.86,3x,10%,97.09,291.28,-3.23,970.95,967.71,止损/移动止损,2.25,EWO/NFI/BB_RPB 多条件低位信号
NASOS_EWO_15m,做多,2026-01-03 15:30,2026-01-04 08:00,89382.24,90713.90,88488.41,90722.97,62567.57,3x,10%,96.77,290.31,4.03,967.71,971.75,固定止盈,16.50,EWO/NFI/BB_RPB 多条件低位信号
NASOS_EWO_15m,做多,2026-01-07 00:30,2026-01-07 01:45,92815.08,91877.74,91886.93,94207.31,64970.56,3x,10%,97.17,291.52,-3.23,971.75,968.51,止损/移动止损,1.25,EWO/NFI/BB_RPB 多条件低位信号
NASOS_EWO_15m,做多,2026-01-07 17:15,2026-01-07 22:30,92248.32,91316.71,91325.84,93632.05,64573.83,3x,10%,96.85,290.55,-3.22,968.51,965.29,止损/移动止损,5.25,EWO/NFI/BB_RPB 多条件低位信号
NASOS_EWO_15m,做多,2026-01-09 16:45,2026-01-09 23:15,90296.63,91641.91,89393.66,91651.08,63207.64,3x,10%,96.53,289.59,4.02,965.29,969.31,固定止盈,6.50,EWO/NFI/BB_RPB 多条件低位信号
NASOS_EWO_15m,做多,2026-01-12 16:45,2026-01-13 00:15,90545.55,91894.55,89640.10,91903.74,63381.89,3x,10%,96.93,290.79,4.04,969.31,973.35,固定止盈,7.50,EWO/NFI/BB_RPB 多条件低位信号
NASOS_EWO_15m,做多,2026-01-15 22:45,2026-01-16 23:15,95786.58,94819.23,94828.71,97223.38,67050.60,3x,10%,97.34,292.01,-3.24,973.35,970.11,止损/移动止损,24.50,EWO/NFI/BB_RPB 多条件低位信号
NASOS_EWO_15m,做多,2026-01-16 23:30,2026-01-19 07:45,94689.17,93732.90,93742.28,96109.51,66282.42,3x,10%,97.01,291.03,-3.23,970.11,966.88,止损/移动止损,56.25,EWO/NFI/BB_RPB 多条件低位信号
NASOS_EWO_15m,做多,2026-01-19 08:00,2026-01-19 08:00,93634.46,92688.85,92698.12,95038.98,65544.12,3x,10%,96.69,290.06,-3.22,966.88,963.66,止损/移动止损,0.00,EWO/NFI/BB_RPB 多条件低位信号
NASOS_EWO_15m,做多,2026-01-19 08:15,2026-01-20 13:00,92409.34,91476.10,91485.25,93795.48,64686.54,3x,10%,96.37,289.10,-3.21,963.66,960.46,止损/移动止损,28.75,EWO/NFI/BB_RPB 多条件低位信号
NASOS_EWO_15m,做多,2026-01-20 13:15,2026-01-20 22:45,91397.24,90474.22,90483.27,92768.20,63978.07,3x,10%,96.05,288.14,-3.20,960.46,957.26,止损/移动止损,9.50,EWO/NFI/BB_RPB 多条件低位信号
NASOS_EWO_15m,做多,2026-01-21 06:45,2026-01-21 13:30,88549.25,89868.51,87663.76,89877.49,61984.48,3x,10%,95.73,287.18,3.99,957.26,961.25,固定止盈,6.75,EWO/NFI/BB_RPB 多条件低位信号
NASOS_EWO_15m,做多,2026-01-21 20:15,2026-01-21 22:00,88363.84,89680.32,87480.20,89689.29,61854.68,3x,10%,96.13,288.38,4.01,961.25,965.26,固定止盈,1.75,EWO/NFI/BB_RPB 多条件低位信号
NASOS_EWO_15m,做多,2026-01-22 21:45,2026-01-22 23:15,89577.96,88673.31,88682.18,90921.63,62704.57,3x,10%,96.53,289.58,-3.21,965.26,962.04,止损/移动止损,1.50,EWO/NFI/BB_RPB 多条件低位信号
NASOS_EWO_15m,做多,2026-01-26 00:15,2026-01-26 02:30,87869.59,86982.19,86990.89,89187.63,61508.71,3x,10%,96.20,288.61,-3.20,962.04,958.84,止损/移动止损,2.25,EWO/NFI/BB_RPB 多条件低位信号
NASOS_EWO_15m,做多,2026-01-29 23:00,2026-01-29 23:00,86985.10,86106.64,86115.25,88289.87,60889.57,3x,10%,95.88,287.65,-3.19,958.84,955.65,止损/移动止损,0.00,EWO/NFI/BB_RPB 多条件低位信号
NASOS_EWO_15m,做多,2026-01-29 23:15,2026-01-29 23:30,85308.23,84446.70,84455.15,86587.85,59715.76,3x,10%,95.57,286.70,-3.18,955.65,952.47,止损/移动止损,0.25,EWO/NFI/BB_RPB 多条件低位信号
NASOS_EWO_15m,做多,2026-01-29 23:45,2026-01-30 02:15,84589.56,83735.29,83743.66,85858.40,59212.69,3x,10%,95.25,285.74,-3.17,952.47,949.30,止损/移动止损,2.50,EWO/NFI/BB_RPB 多条件低位信号
NASOS_EWO_15m,做多,2026-01-30 09:45,2026-01-30 10:30,81985.70,81157.72,81165.84,83215.48,57389.99,3x,10%,94.93,284.79,-3.16,949.30,946.14,止损/移动止损,0.75,EWO/NFI/BB_RPB 多条件低位信号
NASOS_EWO_15m,做多,2026-01-31 14:30,2026-01-31 16:30,83627.96,82783.40,82791.68,84882.38,58539.57,3x,10%,94.61,283.84,-3.15,946.14,942.99,止损/移动止损,2.00,EWO/NFI/BB_RPB 多条件低位信号
NASOS_EWO_15m,做多,2026-01-31 22:30,2026-02-01 00:00,81569.56,80745.79,80753.86,82793.10,57098.69,3x,10%,94.30,282.90,-3.14,942.99,939.85,止损/移动止损,1.50,EWO/NFI/BB_RPB 多条件低位信号
NASOS_EWO_15m,做多,2026-02-01 01:15,2026-02-01 02:15,78818.68,78022.69,78030.49,80000.96,55173.08,3x,10%,93.99,281.96,-3.13,939.85,936.73,止损/移动止损,1.00,EWO/NFI/BB_RPB 多条件低位信号
NASOS_EWO_15m,做多,2026-02-01 23:30,2026-02-02 02:00,76970.90,78117.65,76201.19,78125.46,53879.63,3x,10%,93.67,281.02,3.90,936.73,940.63,固定止盈,2.50,EWO/NFI/BB_RPB 多条件低位信号
NASOS_EWO_15m,做多,2026-02-02 11:30,2026-02-02 11:45,75080.21,76198.79,74329.41,76206.41,52556.15,3x,10%,94.06,282.19,3.92,940.63,944.55,固定止盈,0.25,EWO/NFI/BB_RPB 多条件低位信号
NASOS_EWO_15m,做多,2026-02-03 11:00,2026-02-03 12:30,77782.78,78941.62,77004.95,78949.52,54447.94,3x,10%,94.45,283.36,3.94,944.55,948.48,固定止盈,1.50,EWO/NFI/BB_RPB 多条件低位信号
NASOS_EWO_15m,做多,2026-02-03 23:00,2026-02-04 01:00,77175.72,76396.32,76403.96,78333.35,54023.00,3x,10%,94.85,284.55,-3.16,948.48,945.33,止损/移动止损,2.00,EWO/NFI/BB_RPB 多条件低位信号
NASOS_EWO_15m,做多,2026-02-04 03:00,2026-02-04 03:00,73127.61,74217.10,72396.34,74224.53,51189.33,3x,10%,94.53,283.60,3.94,945.33,949.27,固定止盈,0.00,EWO/NFI/BB_RPB 多条件低位信号
NASOS_EWO_15m,做多,2026-02-04 21:45,2026-02-04 22:45,75323.83,74563.14,74570.59,76453.69,52726.68,3x,10%,94.93,284.78,-3.16,949.27,946.11,止损/移动止损,1.00,EWO/NFI/BB_RPB 多条件低位信号
NASOS_EWO_15m,做多,2026-02-04 23:00,2026-02-05 00:00,74331.63,73580.96,73588.32,75446.61,52032.14,3x,10%,94.61,283.83,-3.15,946.11,942.96,止损/移动止损,1.00,EWO/NFI/BB_RPB 多条件低位信号
NASOS_EWO_15m,做多,2026-02-05 11:00,2026-02-05 12:00,71432.34,70710.95,70718.02,72503.83,50002.64,3x,10%,94.30,282.89,-3.14,942.96,939.82,止损/移动止损,1.00,EWO/NFI/BB_RPB 多条件低位信号
NASOS_EWO_15m,做多,2026-02-05 23:15,2026-02-05 23:15,67964.80,67278.42,67285.15,68984.27,47575.36,3x,10%,93.98,281.95,-3.13,939.82,936.69,止损/移动止损,0.00,EWO/NFI/BB_RPB 多条件低位信号
NASOS_EWO_15m,做多,2026-02-05 23:30,2026-02-05 23:45,66817.38,67812.86,66149.21,67819.64,46772.17,3x,10%,93.67,281.01,3.90,936.69,940.60,固定止盈,0.25,EWO/NFI/BB_RPB 多条件低位信号
NASOS_EWO_15m,做多,2026-02-06 04:30,2026-02-06 04:30,63826.98,63182.39,63188.71,64784.39,44678.89,3x,10%,94.06,282.18,-3.13,940.60,937.47,止损/移动止损,0.00,EWO/NFI/BB_RPB 多条件低位信号
NASOS_EWO_15m,做多,2026-02-06 04:45,2026-02-06 04:45,63634.76,62992.12,62998.42,64589.28,44544.33,3x,10%,93.75,281.24,-3.12,937.47,934.35,止损/移动止损,0.00,EWO/NFI/BB_RPB 多条件低位信号
NASOS_EWO_15m,做多,2026-02-06 08:15,2026-02-06 08:15,60214.42,61111.53,59612.28,61117.64,42150.09,3x,10%,93.43,280.30,3.89,934.35,938.24,固定止盈,0.00,EWO/NFI/BB_RPB 多条件低位信号
NASOS_EWO_15m,做多,2026-02-06 08:30,2026-02-06 08:30,61345.33,62259.29,60731.88,62265.51,42941.73,3x,10%,93.82,281.47,3.91,938.24,942.15,固定止盈,0.00,EWO/NFI/BB_RPB 多条件低位信号
NASOS_EWO_15m,做多,2026-02-07 15:00,2026-02-07 15:00,68752.17,68057.85,68064.65,69783.46,48126.52,3x,10%,94.21,282.64,-3.14,942.15,939.01,止损/移动止损,0.00,EWO/NFI/BB_RPB 多条件低位信号
NASOS_EWO_15m,做多,2026-02-07 15:15,2026-02-07 20:15,67945.59,68957.88,67266.14,68964.78,47561.92,3x,10%,93.90,281.70,3.91,939.01,942.93,固定止盈,5.00,EWO/NFI/BB_RPB 多条件低位信号
NASOS_EWO_15m,做多,2026-02-13 00:15,2026-02-13 00:45,66530.15,65858.26,65864.85,67528.10,46571.11,3x,10%,94.29,282.88,-3.14,942.93,939.79,止损/移动止损,0.50,EWO/NFI/BB_RPB 多条件低位信号
NASOS_EWO_15m,做多,2026-02-15 21:00,2026-02-16 01:45,69288.93,68589.18,68596.04,70328.26,48502.25,3x,10%,93.98,281.94,-3.13,939.79,936.66,止损/移动止损,4.75,EWO/NFI/BB_RPB 多条件低位信号
NASOS_EWO_15m,做多,2026-02-17 22:45,2026-02-18 00:30,67070.71,68069.96,66400.00,68076.77,46949.49,3x,10%,93.67,281.00,3.90,936.66,940.56,固定止盈,1.75,EWO/NFI/BB_RPB 多条件低位信号
NASOS_EWO_15m,做多,2026-02-23 09:00,2026-02-23 09:00,66711.07,66037.36,66043.96,67711.74,46697.75,3x,10%,94.06,282.17,-3.13,940.56,937.43,止损/移动止损,0.00,EWO/NFI/BB_RPB 多条件低位信号
NASOS_EWO_15m,做多,2026-02-23 09:15,2026-02-23 09:45,65450.44,64789.46,64795.94,66432.20,45815.31,3x,10%,93.74,281.23,-3.12,937.43,934.31,止损/移动止损,0.50,EWO/NFI/BB_RPB 多条件低位信号
NASOS_EWO_15m,做多,2026-02-23 10:00,2026-02-23 14:15,64399.94,65359.40,63755.94,65365.94,45079.96,3x,10%,93.43,280.29,3.89,934.31,938.21,固定止盈,4.25,EWO/NFI/BB_RPB 多条件低位信号
NASOS_EWO_15m,做多,2026-02-24 00:15,2026-02-24 01:15,65203.72,64545.23,64551.68,66181.78,45642.60,3x,10%,93.82,281.46,-3.12,938.21,935.09,止损/移动止损,1.00,EWO/NFI/BB_RPB 多条件低位信号
NASOS_EWO_15m,做多,2026-02-26 23:30,2026-02-27 12:15,66951.99,67949.48,66282.47,67956.27,46866.40,3x,10%,93.51,280.53,3.90,935.09,938.98,固定止盈,12.75,EWO/NFI/BB_RPB 多条件低位信号
NASOS_EWO_15m,做多,2026-02-27 18:15,2026-02-27 19:30,66841.68,66166.65,66173.27,67844.31,46789.18,3x,10%,93.90,281.69,-3.13,938.98,935.86,止损/移动止损,1.25,EWO/NFI/BB_RPB 多条件低位信号
NASOS_EWO_15m,做多,2026-02-28 01:00,2026-02-28 14:15,65461.25,64800.15,64806.63,66443.16,45822.87,3x,10%,93.59,280.76,-3.11,935.86,932.74,止损/移动止损,13.25,EWO/NFI/BB_RPB 多条件低位信号
NASOS_EWO_15m,做多,2026-02-28 14:30,2026-02-28 14:30,64545.35,63893.51,63899.90,65513.53,45181.75,3x,10%,93.27,279.82,-3.10,932.74,929.64,止损/移动止损,0.00,EWO/NFI/BB_RPB 多条件低位信号
NASOS_EWO_15m,做多,2026-02-28 14:45,2026-02-28 14:45,64026.10,63379.50,63385.84,64986.49,44818.27,3x,10%,92.96,278.89,-3.09,929.64,926.54,止损/移动止损,0.00,EWO/NFI/BB_RPB 多条件低位信号
NASOS_EWO_15m,做多,2026-02-28 15:00,2026-02-28 15:30,63184.72,64126.08,62552.87,64132.49,44229.30,3x,10%,92.65,277.96,3.86,926.54,930.41,固定止盈,0.50,EWO/NFI/BB_RPB 多条件低位信号
NASOS_EWO_15m,做多,2026-03-03 16:45,2026-03-03 17:15,67319.93,66640.07,66646.73,68329.73,47123.95,3x,10%,93.04,279.12,-3.10,930.41,927.31,止损/移动止损,0.50,EWO/NFI/BB_RPB 多条件低位信号
NASOS_EWO_15m,做多,2026-03-05 23:30,2026-03-06 09:15,71254.52,70534.93,70541.98,72323.34,49878.17,3x,10%,92.73,278.19,-3.09,927.31,924.22,止损/移动止损,9.75,EWO/NFI/BB_RPB 多条件低位信号
NASOS_EWO_15m,做多,2026-03-08 11:00,2026-03-08 18:15,66904.29,67901.06,66235.25,67907.85,46833.00,3x,10%,92.42,277.27,3.85,924.22,928.07,固定止盈,7.25,EWO/NFI/BB_RPB 多条件低位信号
NASOS_EWO_15m,做多,2026-03-09 06:15,2026-03-09 11:00,66054.70,67038.82,65394.16,67045.53,46238.29,3x,10%,92.81,278.42,3.87,928.07,931.94,固定止盈,4.75,EWO/NFI/BB_RPB 多条件低位信号
NASOS_EWO_15m,做多,2026-03-10 21:45,2026-03-10 22:45,69889.19,70930.43,69190.30,70937.53,48922.43,3x,10%,93.19,279.58,3.88,931.94,935.83,固定止盈,1.00,EWO/NFI/BB_RPB 多条件低位信号
NASOS_EWO_15m,做多,2026-03-18 19:45,2026-03-18 20:30,73091.11,72352.96,72360.20,74187.48,51163.78,3x,10%,93.58,280.75,-3.11,935.83,932.71,止损/移动止损,0.75,EWO/NFI/BB_RPB 多条件低位信号
NASOS_EWO_15m,做多,2026-03-22 08:00,2026-03-22 08:00,68896.19,68200.41,68207.23,69929.63,48227.33,3x,10%,93.27,279.81,-3.10,932.71,929.61,止损/移动止损,0.00,EWO/NFI/BB_RPB 多条件低位信号
NASOS_EWO_15m,做多,2026-03-22 08:15,2026-03-23 05:00,68658.37,67964.98,67971.78,69688.24,48060.86,3x,10%,92.96,278.88,-3.09,929.61,926.51,止损/移动止损,20.75,EWO/NFI/BB_RPB 多条件低位信号
NASOS_EWO_15m,做多,2026-03-24 21:45,2026-03-24 22:45,70299.63,69589.67,69596.63,71354.12,49209.74,3x,10%,92.65,277.95,-3.08,926.51,923.43,止损/移动止损,1.00,EWO/NFI/BB_RPB 多条件低位信号
NASOS_EWO_15m,做多,2026-03-26 23:15,2026-03-27 02:15,68921.99,68225.95,68232.77,69955.82,48245.39,3x,10%,92.34,277.03,-3.07,923.43,920.36,止损/移动止损,3.00,EWO/NFI/BB_RPB 多条件低位信号
NASOS_EWO_15m,做多,2026-03-27 16:45,2026-03-27 18:30,67795.28,67110.61,67117.33,68812.21,47456.70,3x,10%,92.04,276.11,-3.06,920.36,917.29,止损/移动止损,1.75,EWO/NFI/BB_RPB 多条件低位信号
NASOS_EWO_15m,做多,2026-03-29 07:15,2026-03-30 06:30,66365.24,65695.01,65701.58,67360.71,46455.67,3x,10%,91.73,275.19,-3.05,917.29,914.24,止损/移动止损,23.25,EWO/NFI/BB_RPB 多条件低位信号
NASOS_EWO_15m,做多,2026-03-30 06:45,2026-03-30 06:45,65656.57,64993.50,65000.00,66641.41,45959.60,3x,10%,91.42,274.27,-3.04,914.24,911.20,止损/移动止损,0.00,EWO/NFI/BB_RPB 多条件低位信号
NASOS_EWO_15m,做多,2026-03-31 16:45,2026-03-31 17:45,66826.08,66151.21,66157.82,67828.47,46778.26,3x,10%,91.12,273.36,-3.03,911.20,908.16,止损/移动止损,1.00,EWO/NFI/BB_RPB 多条件低位信号
NASOS_EWO_15m,做多,2026-04-01 21:45,2026-04-02 01:00,68090.21,69104.65,67409.31,69111.56,47663.15,3x,10%,90.82,272.45,3.78,908.16,911.95,固定止盈,3.25,EWO/NFI/BB_RPB 多条件低位信号
NASOS_EWO_15m,做多,2026-04-02 09:30,2026-04-02 10:00,67553.45,66871.23,66877.92,68566.76,47287.42,3x,10%,91.19,273.58,-3.04,911.95,908.91,止损/移动止损,0.50,EWO/NFI/BB_RPB 多条件低位信号
NASOS_EWO_15m,做多,2026-04-05 14:15,2026-04-05 23:30,66634.76,67627.52,65968.42,67634.28,46644.33,3x,10%,90.89,272.67,3.79,908.91,912.70,固定止盈,9.25,EWO/NFI/BB_RPB 多条件低位信号
NASOS_EWO_15m,做多,2026-04-07 07:00,2026-04-07 19:00,68774.98,68080.42,68087.23,69806.60,48142.48,3x,10%,91.27,273.81,-3.04,912.70,909.66,止损/移动止损,12.00,EWO/NFI/BB_RPB 多条件低位信号
NASOS_EWO_15m,做多,2026-04-12 09:45,2026-04-12 21:00,71708.17,70983.99,70991.09,72783.79,50195.72,3x,10%,90.97,272.90,-3.03,909.66,906.64,止损/移动止损,11.25,EWO/NFI/BB_RPB 多条件低位信号
NASOS_EWO_15m,做多,2026-04-16 16:15,2026-04-16 21:45,74500.85,73748.47,73755.84,75618.36,52150.59,3x,10%,90.66,271.99,-3.02,906.64,903.62,止损/移动止损,5.50,EWO/NFI/BB_RPB 多条件低位信号
NASOS_EWO_15m,做多,2026-04-16 22:00,2026-04-17 00:00,73757.38,74856.25,73019.80,74863.74,51630.16,3x,10%,90.36,271.09,3.77,903.62,907.38,固定止盈,2.00,EWO/NFI/BB_RPB 多条件低位信号
NASOS_EWO_15m,做多,2026-04-19 15:30,2026-04-19 21:15,74949.69,76066.33,74200.20,76073.94,52464.79,3x,10%,90.74,272.22,3.78,907.38,911.17,固定止盈,5.75,EWO/NFI/BB_RPB 多条件低位信号
NASOS_EWO_15m,做多,2026-04-22 03:45,2026-04-22 07:30,74829.68,75944.53,74081.39,75952.13,52380.78,3x,10%,91.12,273.35,3.80,911.17,914.96,固定止盈,3.75,EWO/NFI/BB_RPB 多条件低位信号
NASOS_EWO_15m,做多,2026-04-25 06:45,2026-04-27 03:15,77239.92,78390.68,76467.52,78398.52,54067.95,3x,10%,91.50,274.49,3.81,914.96,918.78,固定止盈,44.50,EWO/NFI/BB_RPB 多条件低位信号
NASOS_EWO_15m,做多,2026-04-27 13:30,2026-04-27 23:15,77793.88,77008.24,77015.94,78960.79,54455.72,3x,10%,91.88,275.63,-3.06,918.78,915.72,止损/移动止损,9.75,EWO/NFI/BB_RPB 多条件低位信号
NASOS_EWO_15m,做多,2026-04-27 23:30,2026-04-28 21:00,76827.48,76051.60,76059.21,77979.89,53779.24,3x,10%,91.57,274.72,-3.05,915.72,912.67,止损/移动止损,21.50,EWO/NFI/BB_RPB 多条件低位信号
NASOS_EWO_15m,做多,2026-05-04 18:15,2026-05-04 22:45,78730.47,79903.44,77943.17,79911.43,55111.33,3x,10%,91.27,273.80,3.80,912.67,916.47,固定止盈,4.50,EWO/NFI/BB_RPB 多条件低位信号
NASOS_EWO_15m,做多,2026-05-11 04:45,2026-05-11 06:30,80775.48,81978.91,79967.72,81987.11,56542.83,3x,10%,91.65,274.94,3.82,916.47,920.29,固定止盈,1.75,EWO/NFI/BB_RPB 多条件低位信号
NASOS_EWO_15m,做多,2026-05-12 23:30,2026-05-13 23:00,80183.52,79373.74,79381.68,81386.27,56128.46,3x,10%,92.03,276.09,-3.06,920.29,917.23,止损/移动止损,23.50,EWO/NFI/BB_RPB 多条件低位信号
NASOS_EWO_15m,做多,2026-05-15 21:45,2026-05-16 15:00,79117.31,78318.31,78326.14,80304.07,55382.12,3x,10%,91.72,275.17,-3.05,917.23,914.18,止损/移动止损,17.25,EWO/NFI/BB_RPB 多条件低位信号
NASOS_EWO_15m,做多,2026-05-16 15:15,2026-05-18 07:30,78228.32,77438.29,77446.04,79401.75,54759.83,3x,10%,91.42,274.25,-3.04,914.18,911.13,止损/移动止损,40.25,EWO/NFI/BB_RPB 多条件低位信号
NASOS_EWO_15m,做多,2026-05-18 07:45,2026-05-18 22:15,77222.72,76442.85,76450.49,78381.06,54055.91,3x,10%,91.11,273.34,-3.03,911.13,908.10,止损/移动止损,14.50,EWO/NFI/BB_RPB 多条件低位信号
NASOS_EWO_15m,做多,2026-05-23 03:45,2026-05-23 15:45,75790.88,75025.47,75032.97,76927.74,53053.61,3x,10%,90.81,272.43,-3.02,908.10,905.08,止损/移动止损,12.00,EWO/NFI/BB_RPB 多条件低位信号
NASOS_EWO_15m,做多,2026-05-23 16:00,2026-05-24 02:00,74583.76,75694.94,73837.92,75702.51,52208.63,3x,10%,90.51,271.52,3.77,905.08,908.85,固定止盈,10.00,EWO/NFI/BB_RPB 多条件低位信号
NASOS_EWO_15m,做多,2026-05-25 05:45,2026-05-25 08:45,76113.21,77247.18,75352.08,77254.91,53279.25,3x,10%,90.89,272.66,3.79,908.85,912.64,固定止盈,3.00,EWO/NFI/BB_RPB 多条件低位信号
NASOS_EWO_15m,做多,2026-05-27 21:15,2026-05-28 01:45,75423.74,74662.04,74669.50,76555.10,52796.62,3x,10%,91.26,273.79,-3.04,912.64,909.60,止损/移动止损,4.50,EWO/NFI/BB_RPB 多条件低位信号
NASOS_EWO_15m,做多,2026-05-28 11:30,2026-05-28 12:00,73721.17,72976.66,72983.96,74826.99,51604.82,3x,10%,90.96,272.88,-3.03,909.60,906.57,止损/移动止损,0.50,EWO/NFI/BB_RPB 多条件低位信号
NASOS_EWO_15m,做多,2026-05-28 21:45,2026-05-29 05:30,72770.28,73854.44,72042.57,73861.83,50939.19,3x,10%,90.66,271.97,3.78,906.57,910.35,固定止盈,7.75,EWO/NFI/BB_RPB 多条件低位信号
