family,leverage,stop_u,target_u,samples,wins,fails,timeouts,win_rate,ev_u,avg_win,avg_loss,avg_win_hold_h
breakout,20,80,300,117,24,93,0,20.51,-18.95,298.98,-101.0,37.09
breakout,20,80,500,117,14,103,0,11.97,-29.21,499.0,-101.0,61.23
breakout,20,80,800,117,5,111,1,4.27,-56.49,799.29,-101.0,62.35
breakout,20,80,1000,117,3,113,1,2.56,-66.74,999.61,-101.0,94.25
breakout,20,100,300,117,27,89,1,23.08,-23.47,298.99,-121.0,39.04
breakout,20,100,500,117,17,99,1,14.53,-30.3,499.02,-121.0,70.84
breakout,20,100,800,117,6,108,3,5.13,-61.73,799.32,-121.0,54.42
breakout,20,100,1000,117,4,110,3,3.42,-70.62,999.61,-121.0,74.75
breakout,20,150,300,117,35,81,1,29.91,-29.37,298.99,-171.0,41.14
breakout,20,150,500,117,20,96,1,17.09,-55.43,499.0,-171.0,66.46
breakout,20,150,800,117,8,106,3,6.84,-91.31,799.12,-171.0,114.09
breakout,20,150,1000,117,6,107,4,5.13,-93.8,999.2,-171.0,157.21
breakout,20,200,300,117,42,74,1,35.9,-32.86,299.01,-221.0,46.31
breakout,20,200,500,117,28,88,1,23.93,-47.21,499.04,-221.0,84.23
breakout,20,200,800,117,15,98,4,12.82,-74.57,799.16,-220.99,140.63
breakout,20,200,1000,117,13,99,5,11.11,-65.51,999.23,-220.99,181.29
breakout,30,80,300,117,22,95,0,18.8,-34.42,298.47,-111.5,13.36
breakout,30,80,500,117,14,103,0,11.97,-38.52,498.46,-111.5,35.86
breakout,30,80,800,117,8,109,0,6.84,-49.29,798.38,-111.5,86.28
breakout,30,80,1000,117,5,112,0,4.27,-64.07,998.38,-111.5,125.6
breakout,30,100,300,117,28,89,0,23.93,-28.61,298.46,-131.51,14.33
breakout,30,100,500,117,20,97,0,17.09,-23.82,498.44,-131.51,44.0
breakout,30,100,800,117,10,107,0,8.55,-52.02,798.4,-131.5,77.15
breakout,30,100,1000,117,6,111,0,5.13,-73.55,998.5,-131.5,105.33
breakout,30,150,300,117,41,75,1,35.04,-12.39,298.48,-181.51,23.13
breakout,30,150,500,117,26,90,1,22.22,-29.47,498.5,-181.5,43.29
breakout,30,150,800,117,14,102,1,11.97,-63.31,798.57,-181.5,80.02
breakout,30,150,1000,117,9,106,2,7.69,-81.92,998.7,-181.5,82.19
breakout,30,200,300,117,45,71,1,38.46,-26.33,298.48,-231.51,22.81
breakout,30,200,500,117,31,85,1,26.5,-36.74,498.49,-231.5,42.52
breakout,30,200,800,117,15,101,1,12.82,-98.1,798.53,-231.5,76.92
breakout,30,200,1000,117,10,105,2,8.55,-116.71,998.62,-231.5,83.0
breakout,50,80,300,117,26,91,0,22.22,-36.95,297.5,-132.5,5.3
breakout,50,80,500,117,14,103,0,11.97,-57.12,497.5,-132.5,11.5
breakout,50,80,800,117,9,108,0,7.69,-60.97,797.45,-132.5,33.0
breakout,50,80,1000,117,8,109,0,6.84,-55.24,997.5,-132.5,40.16
breakout,50,100,300,117,31,86,0,26.5,-33.27,297.51,-152.5,6.73
breakout,50,100,500,117,17,100,0,14.53,-58.06,497.48,-152.5,12.84
breakout,50,100,800,117,11,106,0,9.4,-63.19,797.46,-152.5,35.66
breakout,50,100,1000,117,9,108,0,7.69,-64.03,997.57,-152.5,42.58
breakout,50,150,300,117,42,75,0,35.9,-23.02,297.5,-202.5,7.96
breakout,50,150,500,117,27,90,0,23.08,-40.98,497.44,-202.51,14.77
breakout,50,150,800,117,19,98,0,16.24,-40.12,797.42,-202.51,44.18
breakout,50,150,1000,117,16,101,0,13.68,-38.4,997.5,-202.5,43.28
breakout,50,200,300,117,51,66,0,43.59,-12.76,297.5,-252.51,9.89
breakout,50,200,500,117,34,83,0,29.06,-34.57,497.46,-252.51,15.67
breakout,50,200,800,117,23,94,0,19.66,-46.1,797.48,-252.51,37.5
breakout,50,200,1000,117,19,98,0,16.24,-49.51,997.53,-252.5,39.66
reversal,20,80,300,29,7,22,0,24.14,-4.43,299.03,-100.99,31.5
reversal,20,80,500,29,3,26,0,10.34,-38.91,499.1,-100.99,64.17
reversal,20,80,800,29,2,27,0,6.9,-38.88,799.49,-100.99,129.25
reversal,20,80,1000,29,2,27,0,6.9,-25.08,999.61,-100.99,252.5
reversal,20,100,300,29,9,20,0,31.03,9.35,298.98,-120.99,45.72
reversal,20,100,500,29,5,24,0,17.24,-14.1,498.94,-120.99,148.7
reversal,20,100,800,29,4,25,0,13.79,5.91,799.0,-120.99,282.75
reversal,20,100,1000,29,2,25,2,6.9,-13.2,999.61,-120.99,252.5
reversal,20,150,300,29,11,17,1,37.93,12.96,298.95,-170.99,42.11
reversal,20,150,500,29,6,22,1,20.69,-26.7,498.9,-170.99,128.21
reversal,20,150,800,29,5,23,1,17.24,1.93,798.9,-170.99,232.0
reversal,20,150,1000,29,3,23,3,10.34,-10.29,999.2,-170.99,179.5
reversal,20,200,300,29,12,16,1,41.38,1.57,298.94,-221.0,45.46
reversal,20,200,500,29,6,22,1,20.69,-64.63,498.9,-220.99,128.21
reversal,20,200,800,29,5,23,1,17.24,-37.72,798.9,-220.98,232.0
reversal,20,200,1000,29,3,23,3,10.34,-49.94,999.2,-220.98,179.5
reversal,30,80,300,29,7,22,0,24.14,-12.52,298.53,-111.48,14.32
reversal,30,80,500,29,6,23,0,20.69,14.72,498.5,-111.49,39.17
reversal,30,80,800,29,3,26,0,10.34,-17.33,798.66,-111.49,77.58
reversal,30,80,1000,29,2,27,0,6.9,-34.89,999.11,-111.49,95.75
reversal,30,100,300,29,8,21,0,27.59,-12.85,298.55,-131.48,14.75
reversal,30,100,500,29,7,22,0,24.14,20.59,498.54,-131.48,40.96
reversal,30,100,800,29,3,26,0,10.34,-35.26,798.66,-131.48,77.58
reversal,30,100,1000,29,2,27,0,6.9,-53.51,999.11,-131.48,95.75
reversal,30,150,300,29,11,18,0,37.93,0.58,298.48,-181.48,26.39
reversal,30,150,500,29,9,20,0,31.03,29.54,498.47,-181.48,55.97
reversal,30,150,800,29,5,24,0,17.24,-12.54,798.4,-181.48,159.65
reversal,30,150,1000,29,4,25,0,13.79,-18.72,998.5,-181.48,203.0
reversal,30,200,300,29,13,15,1,44.83,13.75,298.46,-231.49,25.85
reversal,30,200,500,29,11,17,1,37.93,53.05,498.42,-231.49,50.5
reversal,30,200,800,29,6,22,1,20.69,-10.74,798.34,-231.49,137.33
reversal,30,200,1000,29,5,23,1,17.24,-11.76,998.38,-231.48,167.9
reversal,50,80,300,29,7,22,0,24.14,-28.69,297.53,-132.48,5.46
reversal,50,80,500,29,6,23,0,20.69,-2.14,497.5,-132.49,11.46
reversal,50,80,800,29,5,24,0,17.24,27.84,797.4,-132.49,39.55
reversal,50,80,1000,29,4,25,0,13.79,23.37,997.5,-132.49,59.5
reversal,50,100,300,29,7,22,0,24.14,-43.86,297.53,-152.48,5.46
reversal,50,100,500,29,6,23,0,20.69,-18.0,497.5,-152.48,11.46
reversal,50,100,800,29,5,24,0,17.24,11.29,797.4,-152.49,39.55
reversal,50,100,1000,29,4,25,0,13.79,6.13,997.5,-152.48,59.5
reversal,50,150,300,29,9,20,0,31.03,-47.3,297.52,-202.47,6.19
reversal,50,150,500,29,8,21,0,27.59,-9.35,497.58,-202.46,14.75
reversal,50,150,800,29,7,22,0,24.14,38.92,797.57,-202.47,39.18
reversal,50,150,1000,29,6,23,0,20.69,45.84,997.7,-202.47,54.58
reversal,50,200,300,29,9,20,0,31.03,-81.78,297.52,-252.46,6.19
reversal,50,200,500,29,8,21,0,27.59,-45.55,497.58,-252.45,14.75
reversal,50,200,800,29,7,22,0,24.14,0.99,797.57,-252.46,39.18
reversal,50,200,1000,29,6,23,0,20.69,6.2,997.7,-252.46,54.58
