方向,入场时间,出场时间,入场价,出场价,强平价,止损价,止盈价,净盈亏,收益率%,出场原因,权益,备注
做空,2025-06-10 16:00,2025-06-10 19:30,109201.08,109821.40,110183.89,109810.42,108317.53,-33.42,-3.34,止损,966.58,80根4H高位反转做空
做空,2025-06-11 00:00,2025-06-11 03:15,109013.10,109994.22,109994.22,109621.39,108131.07,-50.75,-5.25,强平,915.84,80根4H高位反转做空
做空,2025-06-11 12:00,2025-06-11 22:15,109708.23,110331.43,110695.60,110320.40,108820.58,-30.60,-3.34,止损,885.23,80根4H高位反转做空
做多,2025-06-22 12:00,2025-06-22 21:15,102395.14,101473.58,101473.58,101823.77,103223.62,-46.47,-5.25,强平,838.76,80根4H低位反转做多
做空,2025-06-26 00:00,2025-06-26 03:00,107023.80,107631.75,107987.01,107620.99,106157.87,-28.03,-3.34,止损,810.73,80根4H高位反转做空
做空,2025-06-26 08:00,2025-06-26 10:00,107324.87,107934.53,108290.79,107923.74,106456.50,-27.09,-3.34,止损,783.64,80根4H高位反转做空
做空,2025-06-26 16:00,2025-06-26 21:45,107801.92,106940.39,108772.14,108403.45,106929.69,27.41,3.50,止盈,811.05,80根4H高位反转做空
做空,2025-06-27 00:00,2025-06-27 04:30,107305.27,107914.82,108271.02,107904.03,106437.06,-27.10,-3.34,止损,783.95,80根4H高位反转做空
做空,2025-07-10 08:00,2025-07-11 00:15,111228.18,112229.23,112229.23,111848.83,110328.23,-41.16,-5.25,强平,742.79,80根4H高位反转做空
做空,2025-07-12 00:00,2025-07-12 01:00,116909.61,117573.72,117961.79,117561.96,115963.69,-24.82,-3.34,止损,717.97,80根4H高位反转做空
做空,2025-07-12 08:00,2025-07-12 17:45,117530.45,118198.08,118588.22,118186.27,116579.51,-23.99,-3.34,止损,693.97,80根4H高位反转做空
做空,2025-07-13 00:00,2025-07-13 10:45,117100.39,117765.58,118154.29,117753.81,116152.93,-23.19,-3.34,止损,670.78,80根4H高位反转做空
做空,2025-07-14 20:00,2025-07-14 23:15,121448.95,120478.36,122541.99,122126.64,120466.31,23.46,3.50,止盈,694.25,80根4H高位反转做空
做空,2025-07-15 00:00,2025-07-15 09:15,119869.91,118911.93,120948.74,120538.79,118900.04,24.28,3.50,止盈,718.53,80根4H高位反转做空
做多,2025-08-01 20:00,2025-08-01 21:45,115309.73,114271.94,114271.94,114666.30,116242.70,-37.72,-5.25,强平,680.81,80根4H低位反转做多
做多,2025-08-02 00:00,2025-08-02 01:00,115364.14,114708.93,114325.86,114720.40,116297.55,-22.73,-3.34,止损,658.08,80根4H低位反转做多
做多,2025-08-02 12:00,2025-08-02 21:30,113919.29,113272.29,112894.02,113283.62,114841.01,-21.97,-3.34,止损,636.11,80根4H低位反转做多
做多,2025-08-03 08:00,2025-08-03 08:30,112571.26,111931.91,111558.11,111943.11,113482.07,-21.24,-3.34,止损,614.88,80根4H低位反转做多
做空,2025-08-11 04:00,2025-08-11 07:30,118636.24,119310.16,119703.96,119298.23,117676.35,-20.55,-3.34,止损,594.33,80根4H高位反转做空
做空,2025-08-11 16:00,2025-08-11 19:15,121518.65,120547.49,122612.31,122196.72,120535.44,20.79,3.50,止盈,615.12,80根4H高位反转做空
做空,2025-08-11 20:00,2025-08-11 20:45,120541.94,119578.60,121626.82,121214.57,119566.64,21.52,3.50,止盈,636.63,80根4H高位反转做空
做多,2025-08-19 16:00,2025-08-19 22:15,115010.40,114357.20,113975.31,114368.64,115940.95,-21.25,-3.34,止损,615.38,80根4H低位反转做多
做多,2025-08-20 12:00,2025-08-20 21:45,113537.85,112893.02,112516.01,112904.31,114456.49,-20.54,-3.34,止损,594.84,80根4H低位反转做多
做多,2025-08-22 08:00,2025-08-22 10:15,112522.75,113421.83,111510.05,111894.87,113433.17,20.78,3.49,止盈,615.62,80根4H低位反转做多
做多,2025-08-26 16:00,2025-08-26 19:30,110311.03,109684.52,109318.23,109695.49,111203.56,-20.55,-3.34,止损,595.07,80根4H低位反转做多
做多,2025-08-30 08:00,2025-08-30 09:45,108396.64,107421.07,107421.07,107791.79,109273.68,-31.24,-5.25,强平,563.82,80根4H低位反转做多
做多,2025-08-30 12:00,2025-08-31 08:45,108448.84,109315.37,107472.80,107843.70,109326.30,19.69,3.49,止盈,583.52,80根4H低位反转做多
做空,2025-09-11 16:00,2025-09-11 21:45,114071.09,114719.08,115097.73,114707.61,113148.14,-19.50,-3.34,止损,564.02,80根4H高位反转做空
做空,2025-09-12 12:00,2025-09-13 01:15,115188.48,115842.81,116225.18,115831.23,114256.49,-18.85,-3.34,止损,545.17,80根4H高位反转做空
做空,2025-09-13 08:00,2025-09-15 08:00,116018.50,115091.30,117062.66,116665.88,115079.79,19.07,3.50,止盈,564.24,80根4H高位反转做空
做空,2025-09-17 08:00,2025-09-17 22:15,116786.12,115852.79,117837.20,117437.79,115841.20,19.74,3.50,止盈,583.98,80根4H高位反转做空
做多,2025-09-23 08:00,2025-09-23 10:15,112667.37,112027.48,111653.36,112038.68,113578.96,-19.49,-3.34,止损,564.48,80根4H低位反转做多
做多,2025-09-23 16:00,2025-09-24 01:15,113105.21,112462.83,112087.26,112474.08,114020.34,-18.84,-3.34,止损,545.64,80根4H低位反转做多
做多,2025-09-24 08:00,2025-09-24 12:00,112015.80,111379.61,111007.66,111390.75,112922.12,-18.22,-3.34,止损,527.42,80根4H低位反转做多
做多,2025-09-26 00:00,2025-09-26 00:45,111598.16,110964.34,110593.78,110975.44,112501.10,-17.61,-3.34,止损,509.82,80根4H低位反转做多
做多,2025-09-26 12:00,2025-09-26 15:30,109584.06,108961.68,108597.80,108972.58,110470.70,-17.02,-3.34,止损,492.80,80根4H低位反转做多
做多,2025-09-27 04:00,2025-09-29 00:00,109175.12,110047.45,108192.54,108565.92,110058.45,17.21,3.49,止盈,510.01,80根4H低位反转做多
做空,2025-10-02 16:00,2025-10-02 20:15,118476.15,119149.16,119542.44,119137.25,117517.56,-17.04,-3.34,止损,492.97,80根4H高位反转做空
做空,2025-10-03 08:00,2025-10-03 16:00,120528.75,119565.50,121613.50,121201.30,119553.55,17.24,3.50,止盈,510.21,80根4H高位反转做空
做空,2025-10-04 08:00,2025-10-05 10:30,122227.18,123327.22,123327.22,122909.20,121238.24,-26.79,-5.25,强平,483.43,80根4H高位反转做空
做空,2025-10-05 20:00,2025-10-06 00:45,123455.65,122469.02,124566.75,124144.54,122456.77,16.91,3.50,止盈,500.34,80根4H高位反转做空
做空,2025-10-07 08:00,2025-10-07 15:15,124662.43,123666.15,125784.39,125358.05,123653.79,17.50,3.50,止盈,517.84,80根4H高位反转做空
做空,2025-10-27 20:00,2025-10-28 05:00,115341.56,114419.78,116379.64,115985.17,114408.34,18.11,3.50,止盈,535.95,80根4H高位反转做空
做多,2025-11-03 20:00,2025-11-03 23:15,107805.18,106834.93,106834.93,107203.63,108677.43,-28.14,-5.25,强平,507.81,80根4H低位反转做多
做多,2025-11-04 04:00,2025-11-04 04:45,107094.31,106486.07,106130.46,106496.72,107960.81,-16.95,-3.34,止损,490.86,80根4H低位反转做多
做多,2025-11-04 20:00,2025-11-04 20:15,104592.16,103998.13,103650.83,104008.53,105438.41,-16.39,-3.34,止损,474.47,80根4H低位反转做多
做多,2025-11-05 08:00,2025-11-05 08:30,101501.65,100588.13,100588.13,100935.27,102322.90,-24.91,-5.25,强平,449.56,80根4H低位反转做多
做多,2025-11-05 12:00,2025-11-05 12:15,102156.01,101575.83,101236.61,101585.98,102982.56,-15.01,-3.34,止损,434.56,80根4H低位反转做多
做多,2025-11-08 00:00,2025-11-08 01:00,100812.68,101618.19,99905.37,100250.15,101628.36,15.18,3.49,止盈,449.74,80根4H低位反转做多
做多,2025-11-15 00:00,2025-11-15 00:00,96812.68,96262.84,95941.37,96272.47,97595.99,-15.01,-3.34,止损,434.72,80根4H低位反转做多
做多,2025-11-15 12:00,2025-11-15 16:15,96421.64,95874.02,95553.85,95883.61,97201.79,-14.51,-3.34,止损,420.21,80根4H低位反转做多
做多,2025-11-16 12:00,2025-11-16 17:45,95829.88,96595.58,94967.41,95295.15,96605.24,14.68,3.49,止盈,434.89,80根4H低位反转做多
做多,2025-11-17 08:00,2025-11-17 08:45,94278.93,95032.23,93430.42,93752.85,95041.74,15.19,3.49,止盈,450.08,80根4H低位反转做多
做多,2025-11-18 08:00,2025-11-18 08:30,92236.02,91405.90,91405.90,91721.35,92982.30,-23.63,-5.25,强平,426.45,80根4H低位反转做多
做多,2025-11-22 00:00,2025-11-22 00:00,82946.49,82475.40,82199.98,82483.65,83617.61,-14.24,-3.34,止损,412.21,80根4H低位反转做多
做空,2025-12-04 00:00,2025-12-04 01:30,92370.86,92895.58,93202.20,92886.29,91623.49,-13.77,-3.34,止损,398.44,80根4H高位反转做空
做空,2025-12-04 16:00,2025-12-04 21:00,93387.76,92641.42,94228.25,93908.86,92632.16,13.94,3.50,止盈,412.38,80根4H高位反转做空
做多,2025-12-16 08:00,2025-12-16 08:45,86441.64,85950.70,85663.67,85959.30,87141.04,-13.77,-3.34,止损,398.61,80根4H低位反转做多
做多,2025-12-16 16:00,2025-12-16 18:30,86018.00,86705.30,85243.84,85538.02,86713.97,13.92,3.49,止盈,412.53,80根4H低位反转做多
做多,2025-12-18 08:00,2025-12-18 16:00,86256.72,86945.93,85480.41,85775.41,86954.63,14.41,3.49,止盈,426.94,80根4H低位反转做多
做空,2025-12-29 16:00,2025-12-29 17:30,89603.34,88887.25,90409.77,90103.33,88878.36,14.93,3.50,止盈,441.88,80根4H高位反转做空
做空,2026-01-04 20:00,2026-01-05 08:00,91299.07,91817.70,92120.76,91808.52,90560.37,-14.77,-3.34,止损,427.11,80根4H高位反转做空
做空,2026-01-05 16:00,2026-01-05 18:45,92516.75,93042.29,93349.40,93032.99,91768.19,-14.27,-3.34,止损,412.84,80根4H高位反转做空
做空,2026-01-06 08:00,2026-01-06 22:15,93861.61,94394.80,94706.37,94385.36,93102.18,-13.80,-3.34,止损,399.04,80根4H高位反转做空
做空,2026-01-07 00:00,2026-01-07 00:15,93638.84,92890.49,94481.58,94161.34,92881.20,13.96,3.50,止盈,413.00,80根4H高位反转做空
做空,2026-01-14 16:00,2026-01-14 22:15,95192.38,95733.13,96049.11,95723.55,94422.18,-13.80,-3.34,止损,399.20,80根4H高位反转做空
做空,2026-01-15 08:00,2026-01-15 10:30,96936.31,96161.61,97808.73,97477.21,96151.99,13.96,3.50,止盈,413.16,80根4H高位反转做空
做空,2026-01-15 12:00,2026-01-15 13:45,95980.90,96526.13,96844.73,96516.47,95204.32,-13.81,-3.34,止损,399.36,80根4H高位反转做空
做空,2026-01-15 20:00,2026-01-15 22:00,96587.44,97136.11,97456.73,97126.40,95805.95,-13.35,-3.34,止损,386.01,80根4H高位反转做空
做多,2026-01-21 12:00,2026-01-21 19:45,89440.14,88932.17,88635.18,88941.07,90163.80,-12.89,-3.34,止损,373.13,80根4H低位反转做多
做多,2026-01-26 08:00,2026-01-26 09:00,86675.47,87368.02,85895.39,86191.82,87376.76,13.03,3.49,止盈,386.16,80根4H低位反转做多
做多,2026-01-26 12:00,2026-01-26 14:45,87282.43,87979.83,86496.89,86795.39,87988.63,13.49,3.49,止盈,399.65,80根4H低位反转做多
做多,2026-01-30 08:00,2026-01-30 08:45,84663.17,84182.33,83901.20,84190.75,85348.18,-13.34,-3.34,止损,386.31,80根4H低位反转做多
做多,2026-01-31 04:00,2026-01-31 04:00,84256.32,83777.80,83498.02,83786.17,84938.04,-12.90,-3.34,止损,373.41,80根4H低位反转做多
做多,2026-02-02 16:00,2026-02-02 17:15,76656.66,77269.17,75966.75,76228.92,77276.89,13.04,3.49,止盈,386.45,80根4H低位反转做多
做多,2026-02-06 12:00,2026-02-06 12:15,64181.72,64694.54,63604.08,63823.58,64701.01,13.50,3.49,止盈,399.95,80根4H低位反转做多
做多,2026-02-24 08:00,2026-02-24 09:00,64664.57,64297.31,64082.58,64303.74,65187.77,-13.35,-3.34,止损,386.60,80根4H低位反转做多
做多,2026-02-24 20:00,2026-02-24 21:15,63232.42,62873.30,62663.33,62879.59,63744.04,-12.91,-3.34,止损,373.70,80根4H低位反转做多
做多,2026-02-25 00:00,2026-02-25 01:00,63978.80,64490.00,63402.99,63621.80,64496.45,13.05,3.49,止盈,386.75,80根4H低位反转做多
做空,2026-03-05 08:00,2026-03-05 09:00,72671.13,73083.94,73325.17,73076.64,72083.15,-12.92,-3.34,止损,373.83,80根4H高位反转做空
做空,2026-03-05 12:00,2026-03-05 12:30,72492.75,72904.55,73145.18,72897.26,71906.21,-12.49,-3.34,止损,361.33,80根4H高位反转做空
做空,2026-03-14 00:00,2026-03-14 00:15,71824.82,71250.81,72471.24,72225.60,71243.68,12.64,3.50,止盈,373.97,80根4H高位反转做空
做空,2026-03-16 16:00,2026-03-16 20:15,73441.66,73858.84,74102.63,73851.46,72847.44,-12.50,-3.34,止损,361.48,80根4H高位反转做空
做空,2026-03-17 00:00,2026-03-17 00:45,73261.77,73677.94,73921.13,73670.57,72669.01,-12.08,-3.34,止损,349.40,80根4H高位反转做空
做空,2026-03-17 12:00,2026-03-17 13:45,74458.25,73863.20,75128.38,74873.73,73855.81,12.22,3.50,止盈,361.62,80根4H高位反转做空
做多,2026-03-23 12:00,2026-03-23 13:00,68093.61,68637.69,67480.77,67713.65,68644.55,12.63,3.49,止盈,374.25,80根4H低位反转做多
做多,2026-03-23 16:00,2026-03-23 17:30,68338.83,67950.71,67723.78,67957.50,68891.76,-12.49,-3.34,止损,361.76,80根4H低位反转做多
做多,2026-03-28 08:00,2026-03-28 10:15,66410.54,66033.37,65812.85,66039.97,66947.87,-12.08,-3.34,止损,349.68,80根4H低位反转做多
做多,2026-03-28 16:00,2026-03-28 18:15,66576.86,66198.74,65977.67,66205.36,67115.53,-11.67,-3.34,止损,338.01,80根4H低位反转做多
做空,2026-04-08 12:00,2026-04-08 12:30,71292.97,71697.95,71934.61,71690.78,70716.14,-11.30,-3.34,止损,326.71,80根4H高位反转做空
做空,2026-04-09 00:00,2026-04-09 00:45,71299.47,71704.49,71941.16,71697.32,70722.59,-10.92,-3.34,止损,315.79,80根4H高位反转做空
做空,2026-04-10 04:00,2026-04-10 05:00,72085.49,72494.98,72734.26,72487.73,71502.25,-10.55,-3.34,止损,305.24,80根4H高位反转做空
做空,2026-04-10 08:00,2026-04-10 09:30,71787.82,72195.62,72433.91,72188.40,71206.99,-10.20,-3.34,止损,295.04,80根4H高位反转做空
做空,2026-04-11 08:00,2026-04-12 02:30,72951.80,73608.37,73608.37,73358.88,72361.55,-15.49,-5.25,强平,279.55,80根4H高位反转做空
做空,2026-04-12 08:00,2026-04-12 09:30,73046.99,72463.22,73704.42,73454.60,72455.97,9.78,3.50,止盈,289.33,80根4H高位反转做空
做空,2026-04-14 20:00,2026-04-14 21:30,74370.36,75039.70,75039.70,74785.35,73768.63,-15.19,-5.25,强平,274.14,80根4H高位反转做空
做空,2026-04-18 04:00,2026-04-18 16:15,77390.86,76772.37,78087.38,77822.70,76764.69,9.59,3.50,止盈,283.73,80根4H高位反转做空
做空,2026-04-23 04:00,2026-04-23 07:45,78834.92,78204.88,79544.43,79274.81,78197.06,9.92,3.50,止盈,293.65,80根4H高位反转做空
做空,2026-05-02 04:00,2026-05-03 05:30,78355.96,79061.17,79061.17,78793.19,77721.99,-15.42,-5.25,强平,278.24,80根4H高位反转做空
做空,2026-05-04 16:00,2026-05-04 18:00,79687.33,79050.48,80404.52,80131.99,79042.58,9.73,3.50,止盈,287.97,80根4H高位反转做空
做空,2026-05-05 16:00,2026-05-05 20:30,80847.91,81307.18,81575.55,81299.05,80193.77,-9.62,-3.34,止损,278.35,80根4H高位反转做空
做空,2026-05-06 08:00,2026-05-06 09:45,80902.91,81362.48,81631.04,81354.35,80248.32,-9.30,-3.34,止损,269.04,80根4H高位反转做空
做空,2026-05-06 16:00,2026-05-06 16:30,81356.76,81818.92,82088.97,81810.73,80698.51,-8.99,-3.34,止损,260.05,80根4H高位反转做空
做空,2026-05-07 00:00,2026-05-07 07:00,81693.93,81041.05,82429.18,82149.78,81032.94,9.10,3.50,止盈,269.15,80根4H高位反转做空
做多,2026-05-17 00:00,2026-05-17 08:45,78245.02,77800.64,77540.82,77808.42,78878.10,-8.99,-3.34,止损,260.16,80根4H低位反转做多
做多,2026-05-17 16:00,2026-05-18 07:15,78191.62,77747.53,77487.89,77755.31,78824.27,-8.69,-3.34,止损,251.48,80根4H低位反转做多
做多,2026-05-18 16:00,2026-05-18 20:30,77094.01,77710.00,76400.16,76663.82,77717.78,8.78,3.49,止盈,260.26,80根4H低位反转做多
做多,2026-05-19 04:00,2026-05-19 10:00,76940.19,76503.22,76247.73,76510.87,77562.72,-8.69,-3.34,止损,251.58,80根4H低位反转做多
做多,2026-05-23 12:00,2026-05-23 15:30,75646.56,75216.93,74965.74,75224.46,76258.62,-8.40,-3.34,止损,243.18,80根4H低位反转做多
做多,2026-05-23 20:00,2026-05-23 22:30,74802.48,75400.17,74129.26,74385.08,75407.71,8.49,3.49,止盈,251.67,80根4H低位反转做多
做多,2026-05-24 00:00,2026-05-24 04:00,75529.15,76132.64,74849.39,75107.70,76140.26,8.79,3.49,止盈,260.46,80根4H低位反转做多
