win,ret,dd,pf,trades,liq,window,prox,rsi_low,rsi_high,mode,wick,stop_frac,tp_r,final
90.47619047619048,7.674052356610317,5.8083984500896575,2.0138355986745893,21,0,60,0.005,35,65,3,0.5,0.8,0.25,1076.740523566103
90.47619047619048,7.674052356610317,5.8083984500896575,2.0138355986745893,21,0,60,0.005,35,65,4,0.5,0.8,0.25,1076.740523566103
90.47619047619048,7.674052356610317,5.8083984500896575,2.0138355986745893,21,0,80,0.005,35,65,3,0.5,0.8,0.25,1076.740523566103
90.47619047619048,7.674052356610317,5.8083984500896575,2.0138355986745893,21,0,80,0.005,35,65,4,0.5,0.8,0.25,1076.740523566103
90.0,13.911579448514999,3.7078351800000084,2.7148755757446996,20,0,40,0.008,35,65,3,0.6,0.8,0.35,1139.11579448515
90.0,13.911579448514999,3.7078351800000084,2.7148755757446996,20,0,40,0.008,35,65,4,0.6,0.8,0.35,1139.11579448515
90.0,13.908148586938939,6.215410158648619,2.773203850652759,20,0,80,0.012,35,65,3,0.6,0.8,0.35,1139.0814858693893
90.0,13.908148586938939,6.215410158648619,2.773203850652759,20,0,80,0.012,35,65,4,0.6,0.8,0.35,1139.0814858693893
90.0,13.906457150766904,6.216802777610531,2.773001185303955,20,0,120,0.03,35,65,3,0.6,0.8,0.35,1139.0645715076691
90.0,13.906457150766904,6.216802777610531,2.773001185303955,20,0,120,0.03,35,65,4,0.6,0.8,0.35,1139.0645715076691
90.0,6.830661625732937,3.7078351800000102,1.8710635983728687,20,0,40,0.008,35,65,3,0.6,0.8,0.25,1068.3066162573293
90.0,6.830661625732937,3.7078351800000102,1.8710635983728687,20,0,40,0.008,35,65,4,0.6,0.8,0.25,1068.3066162573293
90.0,6.826991821324335,6.5493939516248405,1.8907845917323236,20,0,80,0.012,35,65,3,0.6,0.8,0.25,1068.2699182132433
90.0,6.826991821324335,6.5493939516248405,1.8907845917323236,20,0,80,0.012,35,65,4,0.6,0.8,0.25,1068.2699182132433
90.0,6.825857737839214,6.550386030379333,1.890641270735777,20,0,120,0.03,35,65,3,0.6,0.8,0.25,1068.2585773783921
90.0,6.825857737839214,6.550386030379333,1.890641270735777,20,0,120,0.03,35,65,4,0.6,0.8,0.25,1068.2585773783921
88.46153846153845,6.993371109767299,5.80839845008965,1.6241856055046053,26,0,80,0.008,35,65,3,0.5,0.8,0.25,1069.933711097673
88.46153846153845,6.993371109767299,5.80839845008965,1.6241856055046053,26,0,80,0.008,35,65,4,0.5,0.8,0.25,1069.933711097673
88.46153846153845,5.505672205910406,7.705263987266823,1.4499173295136916,26,1,60,0.005,35,65,3,0.4,0.8,0.25,1055.056722059104
88.46153846153845,5.505672205910406,7.705263987266823,1.4499173295136916,26,1,60,0.005,35,65,4,0.4,0.8,0.25,1055.056722059104
88.37209302325581,10.071127711106364,9.168740870563594,1.5093509375143332,43,1,60,0.005,35,65,1,0.0,0.8,0.25,1100.7112771110637
88.37209302325581,10.071127711106364,9.168740870563594,1.5093509375143332,43,1,60,0.005,35,65,2,0.0,0.8,0.25,1100.7112771110637
88.23529411764706,7.34134737211094,8.57470083841,1.4634562597994165,34,1,120,0.03,35,65,3,0.4,0.8,0.25,1073.4134737211093
88.23529411764706,7.34134737211094,8.57470083841,1.4634562597994165,34,1,120,0.03,35,65,4,0.4,0.8,0.25,1073.4134737211093
88.0,6.1589587582351335,5.808398450089663,1.5384916690953465,25,0,40,0.005,35,65,3,0.5,0.8,0.25,1061.5895875823514
88.0,6.1589587582351335,5.808398450089663,1.5384916690953465,25,0,40,0.005,35,65,4,0.5,0.8,0.25,1061.5895875823514
88.0,6.157831766639998,9.300867788962663,1.5496681973901,25,0,60,0.005,38,62,3,0.5,0.8,0.25,1061.5783176664
88.0,6.157831766639998,9.300867788962663,1.5496681973901,25,0,60,0.005,38,62,4,0.5,0.8,0.25,1061.5783176664
88.0,4.678154708480542,7.705263987266823,1.382293531974526,25,1,80,0.005,35,65,3,0.4,0.8,0.25,1046.7815470848054
88.0,4.678154708480542,7.705263987266823,1.382293531974526,25,1,80,0.005,35,65,4,0.4,0.8,0.25,1046.7815470848054
87.8048780487805,8.358420339499538,8.57470083841,1.4257231029674,41,1,40,0.03,35,65,3,0.4,0.8,0.25,1083.5842033949955
87.8048780487805,8.358420339499538,8.57470083841,1.4257231029674,41,1,40,0.03,35,65,4,0.4,0.8,0.25,1083.5842033949955
87.8048780487805,8.351247185573364,9.881161868142746,1.4242030874300735,41,1,80,0.005,35,65,1,0.0,0.8,0.25,1083.5124718557336
87.8048780487805,8.351247185573364,9.881161868142746,1.4242030874300735,41,1,80,0.005,35,65,2,0.0,0.8,0.25,1083.5124718557336
87.75510204081633,10.244900351377462,9.025342796551902,1.430657741240825,49,1,40,0.005,35,65,1,0.0,0.8,0.25,1102.4490035137746
87.75510204081633,10.244900351377462,9.025342796551902,1.430657741240825,49,1,40,0.005,35,65,2,0.0,0.8,0.25,1102.4490035137746
87.5,13.511583255996573,5.137591638658511,2.1376540075150445,24,0,40,0.03,35,65,3,0.6,0.8,0.35,1135.1158325599658
87.5,13.511583255996573,5.137591638658511,2.1376540075150445,24,0,40,0.03,35,65,4,0.6,0.8,0.35,1135.1158325599658
87.5,13.511583255996573,5.137591638658511,2.137654007515044,24,0,40,0.02,35,65,3,0.6,0.8,0.35,1135.1158325599658
87.5,13.511583255996573,5.137591638658511,2.137654007515044,24,0,40,0.02,35,65,4,0.6,0.8,0.35,1135.1158325599658
87.5,7.509669082101156,8.57470083841,1.3841778532509772,40,1,40,0.02,35,65,3,0.4,0.8,0.25,1075.0966908210116
87.5,7.509669082101156,8.57470083841,1.3841778532509772,40,1,40,0.02,35,65,4,0.4,0.8,0.25,1075.0966908210116
87.5,7.508527751262295,8.57470083841,1.3829980271617013,40,1,60,0.03,35,65,3,0.4,0.8,0.25,1075.085277512623
87.5,7.508527751262295,8.57470083841,1.3829980271617013,40,1,60,0.03,35,65,4,0.4,0.8,0.25,1075.085277512623
87.5,7.507117256446949,8.57470083841,1.3768554924909808,40,1,120,0.016,42,58,3,0.4,0.8,0.25,1075.0711725644694
87.5,7.507117256446949,8.57470083841,1.3768554924909808,40,1,120,0.016,42,58,4,0.4,0.8,0.25,1075.0711725644694
87.5,5.667485425926877,9.008045358071268,1.3590623153961947,32,1,80,0.012,35,65,3,0.4,0.8,0.25,1056.6748542592688
87.5,5.667485425926877,9.008045358071268,1.3590623153961947,32,1,80,0.012,35,65,4,0.4,0.8,0.25,1056.6748542592688
87.5,5.326317308305106,9.300867788962663,1.4754444980852846,24,0,80,0.005,38,62,3,0.5,0.8,0.25,1053.263173083051
87.5,5.326317308305106,9.300867788962663,1.4754444980852846,24,0,80,0.005,38,62,4,0.5,0.8,0.25,1053.263173083051
87.5,5.322699180534318,5.811634082532269,1.4627672184353984,24,0,40,0.03,35,65,3,0.6,0.8,0.25,1053.2269918053432
87.5,5.322699180534318,5.811634082532269,1.4627672184353984,24,0,40,0.03,35,65,4,0.6,0.8,0.25,1053.2269918053432
87.5,5.322699180534296,5.811634082532269,1.4627672184353977,24,0,40,0.02,35,65,3,0.6,0.8,0.25,1053.226991805343
87.5,5.322699180534296,5.811634082532269,1.4627672184353977,24,0,40,0.02,35,65,4,0.6,0.8,0.25,1053.226991805343
87.5,4.326019310601037,5.780114802038192,1.4292038108819956,24,0,120,0.03,38,62,3,0.6,0.7,0.25,1043.2601931060103
87.5,4.326019310601037,5.780114802038192,1.4292038108819956,24,0,120,0.03,38,62,4,0.6,0.7,0.25,1043.2601931060103
87.17948717948718,6.667565934694419,8.57470083841,1.34259477474421,39,1,40,0.016,35,65,3,0.4,0.8,0.25,1066.6756593469443
87.17948717948718,6.667565934694419,8.57470083841,1.34259477474421,39,1,40,0.016,35,65,4,0.4,0.8,0.25,1066.6756593469443
87.09677419354838,6.316992914120534,8.58894053868832,1.4279662670300153,31,0,120,0.03,38,62,3,0.5,0.8,0.25,1063.1699291412053
87.09677419354838,6.316992914120534,8.58894053868832,1.4279662670300153,31,0,120,0.03,38,62,4,0.5,0.8,0.25,1063.1699291412053
87.09677419354838,4.8375857958022905,9.009011335595096,1.3089085523500747,31,1,120,0.02,35,65,3,0.4,0.8,0.25,1048.3758579580228
87.09677419354838,4.8375857958022905,9.009011335595096,1.3089085523500747,31,1,120,0.02,35,65,4,0.4,0.8,0.25,1048.3758579580228
86.95652173913044,12.221874415792055,6.215410158648619,2.0368999239640684,23,0,40,0.012,35,65,3,0.6,0.8,0.35,1122.2187441579206
86.95652173913044,12.221874415792055,6.215410158648619,2.0368999239640684,23,0,40,0.012,35,65,4,0.6,0.8,0.35,1122.2187441579206
86.95652173913044,12.221874415792055,6.215410158648619,2.0368999239640684,23,0,40,0.016,35,65,3,0.6,0.8,0.35,1122.2187441579206
86.95652173913044,12.221874415792055,6.215410158648619,2.0368999239640684,23,0,40,0.016,35,65,4,0.6,0.8,0.35,1122.2187441579206
86.95652173913044,4.497726159683824,6.5493939516248405,1.3930794169521543,23,0,40,0.012,35,65,3,0.6,0.8,0.25,1044.9772615968382
86.95652173913044,4.497726159683824,6.5493939516248405,1.3930794169521543,23,0,40,0.012,35,65,4,0.6,0.8,0.25,1044.9772615968382
86.95652173913044,4.497726159683824,6.5493939516248405,1.3930794169521543,23,0,40,0.016,35,65,3,0.6,0.8,0.25,1044.9772615968382
86.95652173913044,4.497726159683824,6.5493939516248405,1.3930794169521543,23,0,40,0.016,35,65,4,0.6,0.8,0.25,1044.9772615968382
86.95652173913044,3.627545469351534,5.138499187771109,1.3641243350359176,23,0,60,0.005,35,65,3,0.5,0.7,0.25,1036.2754546935153
86.95652173913044,3.627545469351534,5.138499187771109,1.3641243350359176,23,0,60,0.005,35,65,4,0.5,0.7,0.25,1036.2754546935153
86.95652173913044,3.627545469351534,5.138499187771109,1.3641243350359176,23,0,80,0.005,35,65,3,0.5,0.7,0.25,1036.2754546935153
86.95652173913044,3.627545469351534,5.138499187771109,1.3641243350359176,23,0,80,0.005,35,65,4,0.5,0.7,0.25,1036.2754546935153
86.95652173913044,3.045822116679897,7.705263987266823,1.2489011516957467,23,1,120,0.005,38,62,3,0.4,0.8,0.25,1030.458221166799
86.95652173913044,3.045822116679897,7.705263987266823,1.2489011516957467,23,1,120,0.005,38,62,4,0.4,0.8,0.25,1030.458221166799
86.8421052631579,5.830935302675466,8.57470083841,1.299169883776708,38,1,60,0.02,35,65,3,0.4,0.8,0.25,1058.3093530267547
86.8421052631579,5.830935302675466,8.57470083841,1.299169883776708,38,1,60,0.02,35,65,4,0.4,0.8,0.25,1058.3093530267547
86.8421052631579,5.829811793402295,8.57470083841,1.2978036961307797,38,1,80,0.03,35,65,3,0.4,0.8,0.25,1058.298117934023
86.8421052631579,5.829811793402295,8.57470083841,1.2978036961307797,38,1,80,0.03,35,65,4,0.4,0.8,0.25,1058.298117934023
86.66666666666667,9.718584129742936,8.883652962608329,1.314221061820772,60,1,40,0.016,35,65,1,0.0,0.8,0.25,1097.1858412974293
86.66666666666667,9.718584129742936,8.883652962608329,1.314221061820772,60,1,40,0.016,35,65,2,0.0,0.8,0.25,1097.1858412974293
86.66666666666667,4.021090126450599,7.70526398726681,1.252109785108487,30,1,40,0.005,35,65,3,0.4,0.8,0.25,1040.210901264506
86.66666666666667,4.021090126450599,7.70526398726681,1.252109785108487,30,1,40,0.005,35,65,4,0.4,0.8,0.25,1040.210901264506
86.66666666666667,4.016412577440409,9.721726746163712,1.2553651858683177,30,1,80,0.008,35,65,3,0.4,0.8,0.25,1040.164125774404
86.66666666666667,4.016412577440409,9.721726746163712,1.2553651858683177,30,1,80,0.008,35,65,4,0.4,0.8,0.25,1040.164125774404
86.48648648648648,5.003096084124192,8.57470083841,1.2570705101010302,37,1,40,0.012,35,65,3,0.4,0.8,0.25,1050.030960841242
86.48648648648648,5.003096084124192,8.57470083841,1.2570705101010302,37,1,40,0.012,35,65,4,0.4,0.8,0.25,1050.030960841242
86.48648648648648,5.001981363255159,8.57470083841,1.2577621777046482,37,1,60,0.016,35,65,3,0.4,0.8,0.25,1050.0198136325516
86.48648648648648,5.001981363255159,8.57470083841,1.2577621777046482,37,1,60,0.016,35,65,4,0.4,0.8,0.25,1050.0198136325516
86.48648648648648,5.000866654220126,8.57470083841,1.2565812546469821,37,1,80,0.02,35,65,3,0.4,0.8,0.25,1050.0086665422014
86.48648648648648,5.000866654220126,8.57470083841,1.2565812546469821,37,1,80,0.02,35,65,4,0.4,0.8,0.25,1050.0086665422014
86.48648648648648,4.998374376943726,10.587045886570174,1.255740941455785,37,1,120,0.005,38,62,1,0.0,0.8,0.25,1049.9837437694373
86.48648648648648,4.998374376943726,10.587045886570174,1.255740941455785,37,1,120,0.005,38,62,2,0.0,0.8,0.25,1049.9837437694373
86.36363636363636,10.950160804119413,7.2781899427795675,1.9257556335772705,22,0,40,0.008,38,62,3,0.6,0.8,0.35,1109.5016080411942
86.36363636363636,10.950160804119413,7.2781899427795675,1.9257556335772705,22,0,40,0.008,38,62,4,0.6,0.8,0.35,1109.5016080411942
86.36363636363636,10.945171673413068,8.65628978265565,1.9426940267441428,22,0,120,0.03,38,62,3,0.6,0.8,0.35,1109.4517167341307
86.36363636363636,10.945171673413068,8.65628978265565,1.9426940267441428,22,0,120,0.03,38,62,4,0.6,0.8,0.35,1109.4517167341307
86.36363636363636,10.945171673413046,5.4678502095551815,1.9286173980526848,22,0,60,0.03,35,65,3,0.6,0.8,0.35,1109.4517167341305
86.36363636363636,10.945171673413046,5.4678502095551815,1.9286173980526848,22,0,60,0.03,35,65,4,0.6,0.8,0.35,1109.4517167341305
86.36363636363636,10.945171673413023,5.467850209555191,1.9286173980526837,22,0,60,0.02,35,65,3,0.6,0.8,0.35,1109.4517167341303
86.36363636363636,10.945171673413023,5.467850209555191,1.9286173980526837,22,0,60,0.02,35,65,4,0.6,0.8,0.35,1109.4517167341303
86.36363636363636,10.945171673413023,5.467850209555191,1.9286173980526837,22,0,80,0.02,35,65,3,0.6,0.8,0.35,1109.4517167341303
86.36363636363636,10.945171673413023,5.467850209555191,1.9286173980526837,22,0,80,0.02,35,65,4,0.6,0.8,0.35,1109.4517167341303
86.36363636363636,10.945171673413023,5.467850209555191,1.9286173980526837,22,0,80,0.03,35,65,3,0.6,0.8,0.35,1109.4517167341303
86.36363636363636,10.945171673413023,5.467850209555191,1.9286173980526837,22,0,80,0.03,35,65,4,0.6,0.8,0.35,1109.4517167341303
86.36363636363636,9.887133794140968,9.875195750406588,1.2833318047423348,66,1,40,0.03,35,65,1,0.0,0.8,0.25,1098.8713379414096
86.36363636363636,9.887133794140968,9.875195750406588,1.2833318047423348,66,1,40,0.03,35,65,2,0.0,0.8,0.25,1098.8713379414096
86.36363636363636,9.223797517971576,4.544319258759528,1.9069130510191432,22,0,60,0.005,35,65,3,0.5,0.7,0.35,1092.2379751797157
86.36363636363636,9.223797517971576,4.544319258759528,1.9069130510191432,22,0,60,0.005,35,65,4,0.5,0.7,0.35,1092.2379751797157
86.36363636363636,9.223797517971576,4.544319258759528,1.9069130510191432,22,0,80,0.005,35,65,3,0.5,0.7,0.35,1092.2379751797157
86.36363636363636,9.223797517971576,4.544319258759528,1.9069130510191432,22,0,80,0.005,35,65,4,0.5,0.7,0.35,1092.2379751797157
86.36363636363636,5.992122143755818,11.268649557067784,1.2604520030795836,44,1,120,0.02,42,58,3,0.4,0.8,0.25,1059.9212214375582
86.36363636363636,5.992122143755818,11.268649557067784,1.2604520030795836,44,1,120,0.02,42,58,4,0.4,0.8,0.25,1059.9212214375582
86.36363636363636,3.6827766678577234,7.2781899427795675,1.3211122881243098,22,0,40,0.008,38,62,3,0.6,0.8,0.25,1036.8277666785773
86.36363636363636,3.6827766678577234,7.2781899427795675,1.3211122881243098,22,0,40,0.008,38,62,4,0.6,0.8,0.25,1036.8277666785773
86.36363636363636,3.6792149983414735,5.808398450089664,1.3327184147877649,22,0,120,0.008,38,62,3,0.5,0.8,0.25,1036.7921499834147
86.36363636363636,3.6792149983414735,5.808398450089664,1.3327184147877649,22,0,120,0.008,38,62,4,0.5,0.8,0.25,1036.7921499834147
86.36363636363636,3.6781143318949994,7.137954924128767,1.321445182289183,22,0,60,0.03,35,65,3,0.6,0.8,0.25,1036.78114331895
86.36363636363636,3.6781143318949994,7.137954924128767,1.321445182289183,22,0,60,0.03,35,65,4,0.6,0.8,0.25,1036.78114331895
86.36363636363636,3.6781143318949994,7.137954924128767,1.3214451822891824,22,0,60,0.02,35,65,3,0.6,0.8,0.25,1036.78114331895
86.36363636363636,3.6781143318949994,7.137954924128767,1.3214451822891824,22,0,60,0.02,35,65,4,0.6,0.8,0.25,1036.78114331895
86.36363636363636,3.6781143318949994,7.137954924128767,1.3214451822891824,22,0,80,0.02,35,65,3,0.6,0.8,0.25,1036.78114331895
86.36363636363636,3.6781143318949994,7.137954924128767,1.3214451822891824,22,0,80,0.02,35,65,4,0.6,0.8,0.25,1036.78114331895
86.36363636363636,3.6781143318949994,7.137954924128767,1.3214451822891824,22,0,80,0.03,35,65,3,0.6,0.8,0.25,1036.78114331895
86.36363636363636,3.6781143318949994,7.137954924128767,1.3214451822891824,22,0,80,0.03,35,65,4,0.6,0.8,0.25,1036.78114331895
86.36363636363636,3.678114331894977,9.304946285309768,1.324774498194783,22,0,120,0.03,38,62,3,0.6,0.8,0.25,1036.7811433189497
86.36363636363636,3.678114331894977,9.304946285309768,1.324774498194783,22,0,120,0.03,38,62,4,0.6,0.8,0.25,1036.7811433189497
86.36363636363636,3.6770136771333117,7.278189942779559,1.3146576193800468,22,0,80,0.008,42,58,3,0.6,0.8,0.25,1036.7701367713332
86.36363636363636,3.6770136771333117,7.278189942779559,1.3146576193800468,22,0,80,0.008,42,58,4,0.6,0.8,0.25,1036.7701367713332
86.36363636363636,3.6770136771333117,7.278189942779559,1.3146576193800468,22,0,80,0.008,45,55,3,0.6,0.8,0.25,1036.7701367713332
86.36363636363636,3.6770136771333117,7.278189942779559,1.3146576193800468,22,0,80,0.008,45,55,4,0.6,0.8,0.25,1036.7701367713332
86.36363636363636,2.92759476977531,5.779239770360777,1.291769716480428,22,0,80,0.012,35,65,3,0.6,0.7,0.25,1029.275947697753
86.36363636363636,2.92759476977531,5.779239770360777,1.291769716480428,22,0,80,0.012,35,65,4,0.6,0.7,0.25,1029.275947697753
86.36363636363636,2.9266388774042307,5.7801148020381925,1.29167624221354,22,0,120,0.03,35,65,3,0.6,0.7,0.25,1029.2663887740423
86.36363636363636,2.9266388774042307,5.7801148020381925,1.29167624221354,22,0,120,0.03,35,65,4,0.6,0.7,0.25,1029.2663887740423
86.27450980392157,6.9904638577168665,8.574700838409989,1.2594573238328548,51,1,80,0.012,35,65,1,0.0,0.8,0.25,1069.9046385771687
86.27450980392157,6.9904638577168665,8.574700838409989,1.2594573238328548,51,1,80,0.012,35,65,2,0.0,0.8,0.25,1069.9046385771687
86.20689655172413,8.006505357428706,8.883652962608329,1.2588661662335692,58,1,40,0.012,35,65,1,0.0,0.8,0.25,1080.065053574287
86.20689655172413,8.006505357428706,8.883652962608329,1.2588661662335692,58,1,40,0.012,35,65,2,0.0,0.8,0.25,1080.065053574287
86.20689655172413,4.664073077273212,9.300867788962659,1.3111998971570957,29,0,40,0.005,38,62,3,0.5,0.8,0.25,1046.640730772732
86.20689655172413,4.664073077273212,9.300867788962659,1.3111998971570957,29,0,40,0.005,38,62,4,0.5,0.8,0.25,1046.640730772732
86.20689655172413,4.660477698652876,5.80839845008965,1.3115605076668608,29,0,40,0.008,35,65,3,0.5,0.8,0.25,1046.6047769865288
86.20689655172413,4.660477698652876,5.80839845008965,1.3115605076668608,29,0,40,0.008,35,65,4,0.5,0.8,0.25,1046.6047769865288
86.20689655172413,4.656882443539545,8.587970101613553,1.3173529373143844,29,0,80,0.012,35,65,3,0.5,0.8,0.25,1046.5688244353955
86.20689655172413,4.656882443539545,8.587970101613553,1.3173529373143844,29,0,80,0.012,35,65,4,0.5,0.8,0.25,1046.5688244353955
86.20689655172413,4.655771398100983,8.588940538688306,1.3172788721411217,29,0,120,0.03,35,65,3,0.5,0.8,0.25,1046.5577139810098
86.20689655172413,4.655771398100983,8.588940538688306,1.3172788721411217,29,0,120,0.03,35,65,4,0.5,0.8,0.25,1046.5577139810098
86.20689655172413,3.201671455443922,9.721726746163723,1.2051728473585186,29,1,120,0.016,35,65,3,0.4,0.8,0.25,1032.0167145544392
86.20689655172413,3.201671455443922,9.721726746163723,1.2051728473585186,29,1,120,0.016,35,65,4,0.4,0.8,0.25,1032.0167145544392
86.15384615384616,9.025250977266452,10.168622273941908,1.2595003448627422,65,1,60,0.03,35,65,1,0.0,0.8,0.25,1090.2525097726646
86.15384615384616,9.025250977266452,10.168622273941908,1.2595003448627422,65,1,60,0.03,35,65,2,0.0,0.8,0.25,1090.2525097726646
86.11111111111111,4.45689124505293,6.355382862217118,1.272670549974832,36,0,120,0.03,38,62,3,0.5,0.7,0.25,1044.5689124505293
86.11111111111111,4.45689124505293,6.355382862217118,1.272670549974832,36,0,120,0.03,38,62,4,0.5,0.7,0.25,1044.5689124505293
86.11111111111111,4.178414487406856,8.57470083841,1.2153221172590962,36,1,80,0.016,35,65,3,0.4,0.8,0.25,1041.7841448740685
86.11111111111111,4.178414487406856,8.57470083841,1.2153221172590962,36,1,80,0.016,35,65,4,0.4,0.8,0.25,1041.7841448740685
86.0,6.1524275478079815,8.574700838409989,1.2304085739143282,50,1,80,0.008,35,65,1,0.0,0.8,0.25,1061.5242754780797
86.0,6.1524275478079815,8.574700838409989,1.2304085739143282,50,1,80,0.008,35,65,2,0.0,0.8,0.25,1061.5242754780797
85.96491228070175,7.153685020601808,9.601189106427576,1.232604232936653,57,1,120,0.03,35,65,1,0.0,0.8,0.25,1071.536850206018
85.96491228070175,7.153685020601808,9.601189106427576,1.232604232936653,57,1,120,0.03,35,65,2,0.0,0.8,0.25,1071.536850206018
85.71428571428571,9.68462218074575,6.541916360084644,1.8279026116094035,21,0,60,0.012,35,65,3,0.6,0.8,0.35,1096.8462218074576
85.71428571428571,9.68462218074575,6.541916360084644,1.8279026116094035,21,0,60,0.012,35,65,4,0.6,0.8,0.35,1096.8462218074576
85.71428571428571,9.68462218074575,6.541916360084644,1.8279026116094035,21,0,60,0.016,35,65,3,0.6,0.8,0.35,1096.8462218074576
85.71428571428571,9.68462218074575,6.541916360084644,1.8279026116094035,21,0,60,0.016,35,65,4,0.6,0.8,0.35,1096.8462218074576
85.71428571428571,9.68462218074575,6.541916360084644,1.8279026116094035,21,0,80,0.016,35,65,3,0.6,0.8,0.35,1096.8462218074576
85.71428571428571,9.68462218074575,6.541916360084644,1.8279026116094035,21,0,80,0.016,35,65,4,0.6,0.8,0.35,1096.8462218074576
85.71428571428571,8.148276777073281,5.484266109232971,1.7929997545540883,21,0,80,0.012,35,65,3,0.6,0.7,0.35,1081.4827677707328
85.71428571428571,8.148276777073281,5.484266109232971,1.7929997545540883,21,0,80,0.012,35,65,4,0.6,0.7,0.35,1081.4827677707328
85.71428571428571,8.146870754207502,5.485494897032374,1.7928697547264885,21,0,120,0.03,35,65,3,0.6,0.7,0.35,1081.468707542075
85.71428571428571,8.146870754207502,5.485494897032374,1.7928697547264885,21,0,120,0.03,35,65,4,0.6,0.7,0.35,1081.468707542075
85.71428571428571,6.320013616832143,8.574700838409989,1.2073196763258707,56,1,40,0.008,35,65,1,0.0,0.8,0.25,1063.2001361683215
85.71428571428571,6.320013616832143,8.574700838409989,1.2073196763258707,56,1,40,0.008,35,65,2,0.0,0.8,0.25,1063.2001361683215
85.71428571428571,6.3188849154662385,12.802023029217635,1.2086410481483316,56,1,120,0.03,42,58,3,0.4,0.8,0.25,1063.1888491546624
85.71428571428571,6.3188849154662385,12.802023029217635,1.2086410481483316,56,1,120,0.03,42,58,4,0.4,0.8,0.25,1063.1888491546624
85.71428571428571,6.317756226082838,11.009907415986742,1.2071411191615034,56,1,60,0.016,35,65,1,0.0,0.8,0.25,1063.1775622608284
85.71428571428571,6.317756226082838,11.009907415986742,1.2071411191615034,56,1,60,0.016,35,65,2,0.0,0.8,0.25,1063.1775622608284
85.71428571428571,4.331285081440872,10.294342063196078,1.1864844237429892,42,1,120,0.03,38,62,3,0.4,0.8,0.25,1043.3128508144086
85.71428571428571,4.331285081440872,10.294342063196078,1.1864844237429892,42,1,120,0.03,38,62,4,0.4,0.8,0.25,1043.3128508144086
85.71428571428571,3.8406917349194325,9.30086778896266,1.2612771698837215,28,0,80,0.008,38,62,3,0.5,0.8,0.25,1038.4069173491944
85.71428571428571,3.8406917349194325,9.30086778896266,1.2612771698837215,28,0,80,0.008,38,62,4,0.5,0.8,0.25,1038.4069173491944
85.71428571428571,3.8384869852307713,9.300867788962659,1.2519986261393596,28,0,60,0.005,42,58,3,0.5,0.8,0.25,1038.3848698523077
85.71428571428571,3.8384869852307713,9.300867788962659,1.2519986261393596,28,0,60,0.005,42,58,4,0.5,0.8,0.25,1038.3848698523077
85.71428571428571,3.8384869852307713,9.300867788962659,1.2519986261393596,28,0,60,0.005,45,55,3,0.5,0.8,0.25,1038.3848698523077
85.71428571428571,3.8384869852307713,9.300867788962659,1.2519986261393596,28,0,60,0.005,45,55,4,0.5,0.8,0.25,1038.3848698523077
85.71428571428571,3.3635017495337705,8.57470083841,1.1733280219798756,35,1,60,0.012,35,65,3,0.4,0.8,0.25,1033.6350174953377
85.71428571428571,3.3635017495337705,8.57470083841,1.1733280219798756,35,1,60,0.012,35,65,4,0.4,0.8,0.25,1033.6350174953377
85.71428571428571,3.3624044347231985,9.00901133559508,1.1735246512373203,35,1,40,0.008,35,65,3,0.4,0.8,0.25,1033.624044347232
85.71428571428571,3.3624044347231985,9.00901133559508,1.1735246512373203,35,1,40,0.008,35,65,4,0.4,0.8,0.25,1033.624044347232
85.71428571428571,3.3599510476225447,8.57470083841,1.1700119796894755,35,1,120,0.012,42,58,3,0.4,0.8,0.25,1033.5995104762255
85.71428571428571,3.3599510476225447,8.57470083841,1.1700119796894755,35,1,120,0.012,42,58,4,0.4,0.8,0.25,1033.5995104762255
85.71428571428571,3.3577565050391778,10.587045886570165,1.1728041791397839,35,1,120,0.005,35,65,1,0.0,0.8,0.25,1033.5775650503917
85.71428571428571,3.3577565050391778,10.587045886570165,1.1728041791397839,35,1,120,0.005,35,65,2,0.0,0.8,0.25,1033.5775650503917
85.71428571428571,3.3577565050391778,8.574700838410001,1.170976516215843,35,1,120,0.02,38,62,3,0.4,0.8,0.25,1033.5775650503917
85.71428571428571,3.3577565050391778,8.574700838410001,1.170976516215843,35,1,120,0.02,38,62,4,0.4,0.8,0.25,1033.5775650503917
85.71428571428571,2.9927161031440885,5.1384991877710995,1.2277389988993581,28,0,80,0.008,35,65,3,0.5,0.7,0.25,1029.9271610314408
85.71428571428571,2.9927161031440885,5.1384991877710995,1.2277389988993581,28,0,80,0.008,35,65,4,0.5,0.7,0.25,1029.9271610314408
85.71428571428571,2.8660230368375172,5.808398450089664,1.2591799179965433,21,0,120,0.008,35,65,3,0.5,0.8,0.25,1028.660230368375
85.71428571428571,2.8660230368375172,5.808398450089664,1.2591799179965433,21,0,120,0.008,35,65,4,0.5,0.8,0.25,1028.660230368375
85.71428571428571,2.8660230368375172,7.865325969920925,1.2517746431575325,21,0,60,0.012,35,65,3,0.6,0.8,0.25,1028.660230368375
85.71428571428571,2.8660230368375172,7.865325969920925,1.2517746431575325,21,0,60,0.012,35,65,4,0.6,0.8,0.25,1028.660230368375
85.71428571428571,2.8660230368375172,7.865325969920925,1.2517746431575325,21,0,60,0.016,35,65,3,0.6,0.8,0.25,1028.660230368375
85.71428571428571,2.8660230368375172,7.865325969920925,1.2517746431575325,21,0,60,0.016,35,65,4,0.6,0.8,0.25,1028.660230368375
85.71428571428571,2.8660230368375172,7.865325969920925,1.2517746431575325,21,0,80,0.016,35,65,3,0.6,0.8,0.25,1028.660230368375
85.71428571428571,2.8660230368375172,7.865325969920925,1.2517746431575325,21,0,80,0.016,35,65,4,0.6,0.8,0.25,1028.660230368375
85.71428571428571,2.866023036837495,5.808398450089663,1.2478428121652125,21,0,120,0.005,42,58,3,0.5,0.8,0.25,1028.6602303683749
85.71428571428571,2.866023036837495,5.808398450089663,1.2478428121652125,21,0,120,0.005,42,58,4,0.5,0.8,0.25,1028.6602303683749
85.71428571428571,2.866023036837495,5.808398450089663,1.2478428121652125,21,0,120,0.005,45,55,3,0.5,0.8,0.25,1028.6602303683749
85.71428571428571,2.866023036837495,5.808398450089663,1.2478428121652125,21,0,120,0.005,45,55,4,0.5,0.8,0.25,1028.6602303683749
85.71428571428571,2.238483530177726,6.410057822826741,1.2226629367436985,21,0,80,0.008,38,62,3,0.6,0.7,0.25,1022.3848353017772
85.71428571428571,2.238483530177726,6.410057822826741,1.2226629367436985,21,0,80,0.008,38,62,4,0.6,0.7,0.25,1022.3848353017772
85.71428571428571,2.2344781935734748,5.780114802038191,1.2236998050549999,21,0,120,0.02,38,62,3,0.6,0.7,0.25,1022.3447819357348
85.71428571428571,2.2344781935734748,5.780114802038191,1.2236998050549999,21,0,120,0.02,38,62,4,0.6,0.7,0.25,1022.3447819357348
85.71428571428571,1.4357132136334272,8.429163540478966,1.1178678304622527,21,1,120,0.005,35,65,3,0.4,0.8,0.25,1014.3571321363343
85.71428571428571,1.4357132136334272,8.429163540478966,1.1178678304622527,21,1,120,0.005,35,65,4,0.4,0.8,0.25,1014.3571321363343
85.71428571428571,1.088062356710373,7.463162753441452,1.0747692224418757,28,1,60,0.005,35,65,3,0.4,0.7,0.25,1010.8806235671037
85.71428571428571,1.088062356710373,7.463162753441452,1.0747692224418757,28,1,60,0.005,35,65,4,0.4,0.7,0.25,1010.8806235671037
85.48387096774194,6.484472845246003,10.871308471748279,1.1873842373017478,62,1,40,0.02,35,65,1,0.0,0.8,0.25,1064.84472845246
85.48387096774194,6.484472845246003,10.871308471748279,1.1873842373017478,62,1,40,0.02,35,65,2,0.0,0.8,0.25,1064.84472845246
85.48387096774194,6.481081539416023,11.571314418086788,1.1886978429250126,62,1,80,0.03,35,65,1,0.0,0.8,0.25,1064.8108153941603
85.48387096774194,6.481081539416023,11.571314418086788,1.1886978429250126,62,1,80,0.03,35,65,2,0.0,0.8,0.25,1064.8108153941603
85.29411764705883,12.828962109782749,5.815898151733973,1.7646722810014706,34,0,120,0.03,38,62,3,0.5,0.7,0.35,1128.2896210978274
85.29411764705883,12.828962109782749,5.815898151733973,1.7646722810014706,34,0,120,0.03,38,62,4,0.5,0.7,0.35,1128.2896210978274
85.29411764705883,3.9977432563810478,7.8663040786408445,1.2175696675946326,34,0,40,0.03,35,65,3,0.5,0.8,0.25,1039.9774325638105
85.29411764705883,3.9977432563810478,7.8663040786408445,1.2175696675946326,34,0,40,0.03,35,65,4,0.5,0.8,0.25,1039.9774325638105
85.29411764705883,3.9977432563810478,7.8663040786408445,1.2175696675946321,34,0,40,0.02,35,65,3,0.5,0.8,0.25,1039.9774325638105
85.29411764705883,3.9977432563810478,7.8663040786408445,1.2175696675946321,34,0,40,0.02,35,65,4,0.5,0.8,0.25,1039.9774325638105
85.18518518518519,9.92006747188061,4.544319258759505,1.7368378439268386,27,0,80,0.008,35,65,3,0.5,0.7,0.35,1099.200674718806
85.18518518518519,9.92006747188061,4.544319258759505,1.7368378439268386,27,0,80,0.008,35,65,4,0.5,0.7,0.35,1099.200674718806
85.18518518518519,7.8869049007948,5.712690966670084,1.5339096609210456,27,1,60,0.005,35,65,3,0.4,0.7,0.35,1078.869049007948
85.18518518518519,7.8869049007948,5.712690966670084,1.5339096609210456,27,1,60,0.005,35,65,4,0.4,0.7,0.35,1078.869049007948
85.18518518518519,4.656522783181027,11.28582213121049,1.1535343297463068,54,1,80,0.016,35,65,1,0.0,0.8,0.25,1046.5652278318103
85.18518518518519,4.656522783181027,11.28582213121049,1.1535343297463068,54,1,80,0.016,35,65,2,0.0,0.8,0.25,1046.5652278318103
85.18518518518519,3.0262332554913396,5.80839845008965,1.2031046216894639,27,0,60,0.008,35,65,3,0.5,0.8,0.25,1030.2623325549134
85.18518518518519,3.0262332554913396,5.80839845008965,1.2031046216894639,27,0,60,0.008,35,65,4,0.5,0.8,0.25,1030.2623325549134
85.18518518518519,3.025139521148823,9.300867788962659,1.199005228535786,27,0,80,0.005,42,58,3,0.5,0.8,0.25,1030.2513952114882
85.18518518518519,3.025139521148823,9.300867788962659,1.199005228535786,27,0,80,0.005,42,58,4,0.5,0.8,0.25,1030.2513952114882
85.18518518518519,3.025139521148823,9.300867788962659,1.199005228535786,27,0,80,0.005,45,55,3,0.5,0.8,0.25,1030.2513952114882
85.18518518518519,3.025139521148823,9.300867788962659,1.199005228535786,27,0,80,0.005,45,55,4,0.5,0.8,0.25,1030.2513952114882
85.18518518518519,3.0226941392933693,8.588940538688304,1.2076172621396957,27,0,120,0.02,38,62,3,0.5,0.8,0.25,1030.2269413929337
85.18518518518519,3.0226941392933693,8.588940538688304,1.2076172621396957,27,0,120,0.02,38,62,4,0.5,0.8,0.25,1030.2269413929337
85.18518518518519,2.3022187759599078,8.229186638216238,1.1758087477261407,27,0,60,0.005,38,62,3,0.5,0.7,0.25,1023.0221877595991
85.18518518518519,2.3022187759599078,8.229186638216238,1.1758087477261407,27,0,60,0.005,38,62,4,0.5,0.7,0.25,1023.0221877595991
85.18518518518519,1.5912843695399692,6.240251602078053,1.0974171416830925,27,1,120,0.005,42,58,3,0.4,0.8,0.25,1015.9128436953996
85.18518518518519,1.5912843695399692,6.240251602078053,1.0974171416830925,27,1,120,0.005,42,58,4,0.4,0.8,0.25,1015.9128436953996
85.18518518518519,1.5912843695399692,6.240251602078053,1.0974171416830925,27,1,120,0.005,45,55,3,0.4,0.8,0.25,1015.9128436953996
85.18518518518519,1.5912843695399692,6.240251602078053,1.0974171416830925,27,1,120,0.005,45,55,4,0.4,0.8,0.25,1015.9128436953996
85.18518518518519,1.5912843695399248,9.721726746163723,1.1019743435887124,27,1,120,0.012,35,65,3,0.4,0.8,0.25,1015.9128436953993
85.18518518518519,1.5912843695399248,9.721726746163723,1.1019743435887124,27,1,120,0.012,35,65,4,0.4,0.8,0.25,1015.9128436953993
85.18518518518519,0.4073332302571453,7.463162753441452,1.0279910326032635,27,1,80,0.005,35,65,3,0.4,0.7,0.25,1004.0733323025715
85.18518518518519,0.4073332302571453,7.463162753441452,1.0279910326032635,27,1,80,0.005,35,65,4,0.4,0.7,0.25,1004.0733323025715
85.0,18.699866409536693,3.7121651799999884,2.593136908498981,20,0,80,0.012,30,70,1,0.0,0.8,0.5,1186.9986640953668
85.0,18.699866409536693,3.7121651799999884,2.593136908498981,20,0,80,0.012,30,70,2,0.0,0.8,0.5,1186.9986640953668
85.0,8.441661058018335,7.600996131336416,1.7191009812275684,20,0,60,0.008,38,62,3,0.6,0.8,0.35,1084.4166105801833
85.0,8.441661058018335,7.600996131336416,1.7191009812275684,20,0,60,0.008,38,62,4,0.6,0.8,0.35,1084.4166105801833
85.0,8.440050794395027,7.278189942779559,1.7245034255646199,20,0,40,0.005,38,62,3,0.6,0.8,0.35,1084.4005079439503
85.0,8.440050794395027,7.278189942779559,1.7245034255646199,20,0,40,0.005,38,62,4,0.6,0.8,0.35,1084.4005079439503
85.0,8.433564369289215,5.134734426107072,1.7208959112693138,20,0,60,0.005,35,65,3,0.5,0.8,0.35,1084.335643692892
85.0,8.433564369289215,5.134734426107072,1.7208959112693138,20,0,60,0.005,35,65,4,0.5,0.8,0.35,1084.335643692892
85.0,8.433564369289215,5.134734426107072,1.7208959112693138,20,0,80,0.005,35,65,3,0.5,0.8,0.35,1084.335643692892
85.0,8.433564369289215,5.134734426107072,1.7208959112693138,20,0,80,0.005,35,65,4,0.5,0.8,0.35,1084.335643692892
85.0,8.428688403164774,3.7121651799999884,1.7395497593470997,20,0,80,0.012,30,70,1,0.0,0.8,0.35,1084.2868840316478
85.0,8.428688403164774,3.7121651799999884,1.7395497593470997,20,0,80,0.012,30,70,2,0.0,0.8,0.35,1084.2868840316478
85.0,7.088952849108288,6.410057822826727,1.6878580619842822,20,0,80,0.008,38,62,3,0.6,0.7,0.35,1070.889528491083
85.0,7.088952849108288,6.410057822826727,1.6878580619842822,20,0,80,0.008,38,62,4,0.6,0.7,0.35,1070.889528491083
85.0,2.0637987561681337,8.583859363323542,1.1808792723798598,20,0,60,0.008,38,62,3,0.6,0.8,0.25,1020.6379875616813
85.0,2.0637987561681337,8.583859363323542,1.1808792723798598,20,0,60,0.008,38,62,4,0.6,0.8,0.25,1020.6379875616813
85.0,2.062715239103574,7.862160887508924,1.1817457419198978,20,0,40,0.005,38,62,3,0.6,0.8,0.25,1020.6271523910357
85.0,2.062715239103574,7.862160887508924,1.1817457419198978,20,0,40,0.005,38,62,4,0.6,0.8,0.25,1020.6271523910357
85.0,2.0524530650571915,4.321882103810799,1.183600353332047,20,0,80,0.012,30,70,1,0.0,0.8,0.25,1020.5245306505719
85.0,2.0524530650571915,4.321882103810799,1.183600353332047,20,0,80,0.012,30,70,2,0.0,0.8,0.25,1020.5245306505719
85.0,1.5509505509034405,5.138499187771103,1.1570890936070901,20,0,120,0.005,38,62,3,0.5,0.7,0.25,1015.5095055090344
85.0,1.5509505509034405,5.138499187771103,1.1570890936070901,20,0,120,0.005,38,62,4,0.5,0.7,0.25,1015.5095055090344
85.0,1.5500074434780409,6.354513173125021,1.1534904119847185,20,0,60,0.008,35,65,3,0.6,0.7,0.25,1015.5000744347805
85.0,1.5500074434780409,6.354513173125021,1.1534904119847185,20,0,60,0.008,35,65,4,0.6,0.7,0.25,1015.5000744347805
85.0,1.546972149372161,6.4137243406412425,1.1555644555035312,20,0,120,0.012,38,62,3,0.6,0.7,0.25,1015.4697214937215
85.0,1.546972149372161,6.4137243406412425,1.1555644555035312,20,0,120,0.012,38,62,4,0.6,0.7,0.25,1015.4697214937215
85.0,1.546972149372161,6.4137243406412425,1.1555644555035312,20,0,120,0.016,38,62,3,0.6,0.7,0.25,1015.4697214937215
85.0,1.546972149372161,6.4137243406412425,1.1555644555035312,20,0,120,0.016,38,62,4,0.6,0.7,0.25,1015.4697214937215
85.0,0.9883541765387971,5.7381460920678835,1.061041233275517,40,1,80,0.005,25,75,0,0.0,0.55,0.25,1009.883541765388
85.0,-0.8143989171657373,1.9954437143608925,0.7810983725571428,20,0,40,0.02,30,70,3,0.4,0.25,0.25,991.8560108283426
85.0,-0.8143989171657373,1.9954437143608925,0.7810983725571428,20,0,40,0.02,30,70,4,0.4,0.25,0.25,991.8560108283426
85.0,-0.8143989171657373,1.9954437143608925,0.7810983725571428,20,0,40,0.03,30,70,3,0.4,0.25,0.25,991.8560108283426
85.0,-0.8143989171657373,1.9954437143608925,0.7810983725571428,20,0,40,0.03,30,70,4,0.4,0.25,0.25,991.8560108283426
84.90566037735849,3.8378701483030575,11.285822131210512,1.1265418099104716,53,1,60,0.012,35,65,1,0.0,0.8,0.25,1038.3787014830307
84.90566037735849,3.8378701483030575,11.285822131210512,1.1265418099104716,53,1,60,0.012,35,65,2,0.0,0.8,0.25,1038.3787014830307
84.84848484848484,4.988347069587995,14.161772827491042,1.1314865978271367,66,1,40,0.016,42,58,3,0.4,0.8,0.25,1049.8834706958799
84.84848484848484,4.988347069587995,14.161772827491042,1.1314865978271367,66,1,40,0.016,42,58,4,0.4,0.8,0.25,1049.8834706958799
84.84848484848484,3.186692995934881,9.30086778896267,1.1672683937794825,33,0,40,0.005,42,58,3,0.5,0.8,0.25,1031.866929959349
84.84848484848484,3.186692995934881,9.30086778896267,1.1672683937794825,33,0,40,0.005,42,58,4,0.5,0.8,0.25,1031.866929959349
84.84848484848484,3.1831483676876937,8.587970101613553,1.1740445231135397,33,0,40,0.016,35,65,3,0.5,0.8,0.25,1031.831483676877
84.84848484848484,3.1831483676876937,8.587970101613553,1.1740445231135397,33,0,40,0.016,35,65,4,0.5,0.8,0.25,1031.831483676877
84.84848484848484,3.1796038612040833,8.588940538688307,1.1702496604725823,33,0,120,0.02,42,58,3,0.5,0.8,0.25,1031.7960386120408
84.84848484848484,3.1796038612040833,8.588940538688307,1.1702496604725823,33,0,120,0.02,42,58,4,0.5,0.8,0.25,1031.7960386120408
84.84848484848484,1.7484290469400143,9.00901133559508,1.0904937370493888,33,1,60,0.008,35,65,3,0.4,0.8,0.25,1017.4842904694001
84.84848484848484,1.7484290469400143,9.00901133559508,1.0904937370493888,33,1,60,0.008,35,65,4,0.4,0.8,0.25,1017.4842904694001
84.84848484848484,1.7449338253640478,9.009011335595096,1.0893849852119484,33,1,120,0.016,38,62,3,0.4,0.8,0.25,1017.4493382536405
84.84848484848484,1.7449338253640478,9.009011335595096,1.0893849852119484,33,1,120,0.016,38,62,4,0.4,0.8,0.25,1017.4493382536405
84.78260869565217,4.319465027237768,11.977377504938044,1.1654622968194128,46,0,40,0.016,42,58,3,0.5,0.8,0.25,1043.1946502723777
84.78260869565217,4.319465027237768,11.977377504938044,1.1654622968194128,46,0,40,0.016,42,58,4,0.5,0.8,0.25,1043.1946502723777
84.61538461538461,8.841973604790333,7.654365716116611,1.6601876982445325,26,0,60,0.005,38,62,3,0.5,0.7,0.35,1088.4197360479034
84.61538461538461,8.841973604790333,7.654365716116611,1.6601876982445325,26,0,60,0.005,38,62,4,0.5,0.7,0.35,1088.4197360479034
84.61538461538461,6.825955917029858,5.712690966670084,1.4620879616230902,26,1,80,0.005,35,65,3,0.4,0.7,0.35,1068.2595591702986
84.61538461538461,6.825955917029858,5.712690966670084,1.4620879616230902,26,1,80,0.005,35,65,4,0.4,0.7,0.35,1068.2595591702986
84.61538461538461,4.161569700304768,15.372307393925006,1.1105841789390867,65,1,120,0.03,45,55,3,0.4,0.8,0.25,1041.6156970030477
84.61538461538461,4.161569700304768,15.372307393925006,1.1105841789390867,65,1,120,0.03,45,55,4,0.4,0.8,0.25,1041.6156970030477
84.61538461538461,3.024527515789499,11.284880324740167,1.1006097812340851,52,1,60,0.008,35,65,1,0.0,0.8,0.25,1030.245275157895
84.61538461538461,3.024527515789499,11.284880324740167,1.1006097812340851,52,1,60,0.008,35,65,2,0.0,0.8,0.25,1030.245275157895
84.61538461538461,2.2157366281250646,9.304946285309763,1.1527764147521407,26,0,120,0.016,38,62,3,0.5,0.8,0.25,1022.1573662812507
84.61538461538461,2.2157366281250646,9.304946285309763,1.1527764147521407,26,0,120,0.016,38,62,4,0.5,0.8,0.25,1022.1573662812507
84.61538461538461,2.2146514980764698,8.588940538688304,1.1521159136305144,26,0,120,0.02,35,65,3,0.5,0.8,0.25,1022.1465149807648
84.61538461538461,2.2146514980764698,8.588940538688304,1.1521159136305144,26,0,120,0.02,35,65,4,0.5,0.8,0.25,1022.1465149807648
84.61538461538461,2.21356637954766,9.30494628530977,1.1450259479331348,26,0,120,0.03,42,58,3,0.6,0.8,0.25,1022.1356637954766
84.61538461538461,2.21356637954766,9.30494628530977,1.1450259479331348,26,0,120,0.03,42,58,4,0.6,0.8,0.25,1022.1356637954766
84.61538461538461,2.21356637954766,9.30494628530977,1.1450259479331348,26,0,120,0.03,45,55,3,0.6,0.8,0.25,1022.1356637954766
84.61538461538461,2.21356637954766,9.30494628530977,1.1450259479331348,26,0,120,0.03,45,55,4,0.6,0.8,0.25,1022.1356637954766
84.61538461538461,1.6142571901384573,8.229186638216238,1.1232726177327923,26,0,80,0.005,38,62,3,0.5,0.7,0.25,1016.1425719013846
84.61538461538461,1.6142571901384573,8.229186638216238,1.1232726177327923,26,0,80,0.005,38,62,4,0.5,0.7,0.25,1016.1425719013846
84.61538461538461,0.794468770487633,10.42981048415935,1.0510925103515962,26,1,120,0.008,38,62,3,0.4,0.8,0.25,1007.9446877048764
84.61538461538461,0.794468770487633,10.42981048415935,1.0510925103515962,26,1,120,0.008,38,62,4,0.4,0.8,0.25,1007.9446877048764
84.61538461538461,0.476810376346104,5.7381460920678835,1.0295030942474972,39,1,120,0.008,25,75,0,0.0,0.55,0.25,1004.768103763461
84.48275862068965,3.191815732577208,10.567197135914624,1.092582874109519,58,1,80,0.02,42,58,3,0.4,0.8,0.25,1031.918157325772
84.48275862068965,3.191815732577208,10.567197135914624,1.092582874109519,58,1,80,0.02,42,58,4,0.4,0.8,0.25,1031.918157325772
84.48275862068965,3.1838891799444546,12.95117979503525,1.0934698784403802,58,1,60,0.02,35,65,1,0.0,0.8,0.25,1031.8388917994446
84.48275862068965,3.1838891799444546,12.95117979503525,1.0934698784403802,58,1,60,0.02,35,65,2,0.0,0.8,0.25,1031.8388917994446
84.375,2.3784509123692343,9.30086778896266,1.1298636965951143,32,0,40,0.008,38,62,3,0.5,0.8,0.25,1023.7845091236923
84.375,2.3784509123692343,9.30086778896266,1.1298636965951143,32,0,40,0.008,38,62,4,0.5,0.8,0.25,1023.7845091236923
84.375,2.3749340485327064,8.587970101613553,1.1298539107064143,32,0,40,0.012,35,65,3,0.5,0.8,0.25,1023.749340485327
84.375,2.3749340485327064,8.587970101613553,1.1298539107064143,32,0,40,0.012,35,65,4,0.5,0.8,0.25,1023.749340485327
84.375,2.3738472284321244,7.8663040786408445,1.129593449780611,32,0,60,0.03,35,65,3,0.5,0.8,0.25,1023.7384722843213
84.375,2.3738472284321244,7.8663040786408445,1.129593449780611,32,0,60,0.03,35,65,4,0.5,0.8,0.25,1023.7384722843213
84.375,2.3738472284321244,7.8663040786408445,1.1295934497806106,32,0,60,0.02,35,65,3,0.5,0.8,0.25,1023.7384722843213
84.375,2.3738472284321244,7.8663040786408445,1.1295934497806106,32,0,60,0.02,35,65,4,0.5,0.8,0.25,1023.7384722843213
84.375,2.3738472284321244,7.8663040786408445,1.1295934497806106,32,0,80,0.02,35,65,3,0.5,0.8,0.25,1023.7384722843213
84.375,2.3738472284321244,7.8663040786408445,1.1295934497806106,32,0,80,0.02,35,65,4,0.5,0.8,0.25,1023.7384722843213
84.375,2.3738472284321244,7.8663040786408445,1.1295934497806106,32,0,80,0.03,35,65,3,0.5,0.8,0.25,1023.7384722843213
84.375,2.3738472284321244,7.8663040786408445,1.1295934497806106,32,0,80,0.03,35,65,4,0.5,0.8,0.25,1023.7384722843213
84.375,2.373847228432102,9.300867788962663,1.1263471296303067,32,0,80,0.008,42,58,3,0.5,0.8,0.25,1023.738472284321
84.375,2.373847228432102,9.300867788962663,1.1263471296303067,32,0,80,0.008,42,58,4,0.5,0.8,0.25,1023.738472284321
84.375,2.373847228432102,9.300867788962663,1.1263471296303067,32,0,80,0.008,45,55,3,0.5,0.8,0.25,1023.738472284321
84.375,2.373847228432102,9.300867788962663,1.1263471296303067,32,0,80,0.008,45,55,4,0.5,0.8,0.25,1023.738472284321
84.375,2.3714173055060295,9.304946285309757,1.1275728721580454,32,0,120,0.016,42,58,3,0.5,0.8,0.25,1023.7141730550603
84.375,2.3714173055060295,9.304946285309757,1.1275728721580454,32,0,120,0.016,42,58,4,0.5,0.8,0.25,1023.7141730550603
84.375,1.671525169628807,6.985987672865355,1.103371203735551,32,0,120,0.03,35,65,3,0.5,0.7,0.25,1016.715251696288
84.375,1.671525169628807,6.985987672865355,1.103371203735551,32,0,120,0.03,35,65,4,0.5,0.7,0.25,1016.715251696288
84.375,1.4555721231944707,12.066860217539556,1.0439751243239153,64,1,120,0.03,35,65,1,0.0,0.7,0.25,1014.5557212319446
84.375,1.4555721231944707,12.066860217539556,1.0439751243239153,64,1,120,0.03,35,65,2,0.0,0.7,0.25,1014.5557212319446
84.375,0.9538488342752949,9.718625436283663,1.0485964831656638,32,1,60,0.005,38,62,3,0.4,0.8,0.25,1009.538488342753
84.375,0.9538488342752949,9.718625436283663,1.0485964831656638,32,1,60,0.005,38,62,4,0.4,0.8,0.25,1009.538488342753
84.375,-0.20776889754537953,9.264534263077845,0.9881978590889966,32,1,80,0.008,35,65,3,0.4,0.7,0.25,997.9223110245462
84.375,-0.20776889754537953,9.264534263077845,0.9881978590889966,32,1,80,0.008,35,65,4,0.4,0.7,0.25,997.9223110245462
84.21052631578947,13.3131159298139,7.605151066345922,1.555454101577677,38,1,60,0.005,35,65,1,0.0,0.8,0.35,1133.131159298139
84.21052631578947,13.3131159298139,7.605151066345922,1.555454101577677,38,1,60,0.005,35,65,2,0.0,0.8,0.35,1133.131159298139
84.21052631578947,2.5343794133322772,11.282469668647229,1.116398125845306,38,0,40,0.03,38,62,3,0.5,0.8,0.25,1025.3437941333227
84.21052631578947,2.5343794133322772,11.282469668647229,1.116398125845306,38,0,40,0.03,38,62,4,0.5,0.8,0.25,1025.3437941333227
84.21052631578947,2.5308571931018653,11.283411500709246,1.113205839407464,38,0,120,0.03,42,58,3,0.5,0.8,0.25,1025.3085719310186
84.21052631578947,2.5308571931018653,11.283411500709246,1.113205839407464,38,0,120,0.03,42,58,4,0.5,0.8,0.25,1025.3085719310186
84.21052631578947,-0.03141370242329966,5.7381460920678835,0.9980526303190848,38,1,120,0.005,25,75,0,0.0,0.55,0.25,999.685862975767
84.12698412698413,-1.9531613583223972,6.831156280640187,0.8824908166436103,63,0,80,0.016,38,62,3,0.4,0.35,0.25,980.4683864167761
84.12698412698413,-1.9531613583223972,6.831156280640187,0.8824908166436103,63,0,80,0.016,38,62,4,0.4,0.35,0.25,980.4683864167761
84.0909090909091,1.2570470495335995,13.222619852202982,1.0459428026464344,44,1,120,0.005,45,55,1,0.0,0.8,0.25,1012.570470495336
84.0909090909091,1.2570470495335995,13.222619852202982,1.0459428026464344,44,1,120,0.005,45,55,2,0.0,0.8,0.25,1012.570470495336
84.0909090909091,1.2559720970065635,10.863325406670674,1.0480090138249185,44,1,120,0.016,35,65,1,0.0,0.8,0.25,1012.5597209700655
84.0909090909091,1.2559720970065635,10.863325406670674,1.0480090138249185,44,1,120,0.016,35,65,2,0.0,0.8,0.25,1012.5597209700655
84.0,7.776047470584735,5.709976193522323,1.477343918176454,25,1,60,0.005,35,65,3,0.4,0.8,0.35,1077.7604747058474
84.0,7.776047470584735,5.709976193522323,1.477343918176454,25,1,60,0.005,35,65,4,0.4,0.8,0.35,1077.7604747058474
84.0,7.773033715718269,7.654365716116611,1.5803750911874481,25,0,80,0.005,38,62,3,0.5,0.7,0.35,1077.7303371571827
84.0,7.773033715718269,7.654365716116611,1.5803750911874481,25,0,80,0.005,38,62,4,0.5,0.7,0.35,1077.7303371571827
84.0,1.4182352234767492,12.934628794365471,1.047239087949614,50,1,120,0.02,45,55,3,0.4,0.8,0.25,1014.1823522347676
84.0,1.4182352234767492,12.934628794365471,1.047239087949614,50,1,120,0.02,45,55,4,0.4,0.8,0.25,1014.1823522347676
84.0,1.4164304318099452,7.278189942779559,1.0919268699190483,25,0,40,0.008,42,58,3,0.6,0.8,0.25,1014.1643043180995
84.0,1.4164304318099452,7.278189942779559,1.0919268699190483,25,0,40,0.008,42,58,4,0.6,0.8,0.25,1014.1643043180995
84.0,1.415099864344227,9.304946285309763,1.0975720133189706,25,0,120,0.012,38,62,3,0.5,0.8,0.25,1014.1509986434422
84.0,1.415099864344227,9.304946285309763,1.0975720133189706,25,0,120,0.012,38,62,4,0.5,0.8,0.25,1014.1509986434422
84.0,1.414023233916506,9.304946285309763,1.097497778983234,25,0,120,0.016,35,65,3,0.5,0.8,0.25,1014.140232339165
84.0,1.414023233916506,9.304946285309763,1.097497778983234,25,0,120,0.016,35,65,4,0.5,0.8,0.25,1014.140232339165
84.0,1.4129466149183756,5.808398450089655,1.0936778286070117,25,0,120,0.008,42,58,3,0.5,0.8,0.25,1014.1294661491838
84.0,1.4129466149183756,5.808398450089655,1.0936778286070117,25,0,120,0.008,42,58,4,0.5,0.8,0.25,1014.1294661491838
84.0,1.4129466149183756,5.808398450089655,1.0936778286070117,25,0,120,0.008,45,55,3,0.5,0.8,0.25,1014.1294661491838
84.0,1.4129466149183756,5.808398450089655,1.0936778286070117,25,0,120,0.008,45,55,4,0.5,0.8,0.25,1014.1294661491838
84.0,1.40971682650044,5.808398450089629,1.094588296750025,25,0,40,0.016,30,70,1,0.0,0.8,0.25,1014.0971682650045
84.0,1.40971682650044,5.808398450089629,1.094588296750025,25,0,40,0.016,30,70,2,0.0,0.8,0.25,1014.0971682650045
84.0,0.9279052160083179,8.849051218838367,1.0704778896346394,25,0,80,0.012,38,62,3,0.6,0.7,0.25,1009.2790521600832
84.0,0.9279052160083179,8.849051218838367,1.0704778896346394,25,0,80,0.012,38,62,4,0.6,0.7,0.25,1009.2790521600832
84.0,0.9269678948278681,6.410057822826742,1.068654958560595,25,0,80,0.008,42,58,3,0.6,0.7,0.25,1009.2696789482787
84.0,0.9269678948278681,6.410057822826742,1.068654958560595,25,0,80,0.008,42,58,4,0.6,0.7,0.25,1009.2696789482787
84.0,0.9269678948278681,6.410057822826742,1.068654958560595,25,0,80,0.008,45,55,3,0.6,0.7,0.25,1009.2696789482787
84.0,0.9269678948278681,6.410057822826742,1.068654958560595,25,0,80,0.008,45,55,4,0.6,0.7,0.25,1009.2696789482787
84.0,0.9230139386959602,5.780114802038197,1.0685779495807792,25,0,120,0.02,42,58,3,0.6,0.7,0.25,1009.2301393869596
84.0,0.9230139386959602,5.780114802038197,1.0685779495807792,25,0,120,0.02,42,58,4,0.6,0.7,0.25,1009.2301393869596
84.0,0.9230139386959602,5.780114802038197,1.0685779495807792,25,0,120,0.02,45,55,3,0.6,0.7,0.25,1009.2301393869596
84.0,0.9230139386959602,5.780114802038197,1.0685779495807792,25,0,120,0.02,45,55,4,0.6,0.7,0.25,1009.2301393869596
84.0,0.003902871917382811,10.42981048415935,1.0002509947920508,25,1,120,0.008,35,65,3,0.4,0.8,0.25,1000.0390287191739
84.0,0.003902871917382811,10.42981048415935,1.0002509947920508,25,1,120,0.008,35,65,4,0.4,0.8,0.25,1000.0390287191739
84.0,-0.9376437975263219,7.463162753441463,0.9354716907596924,25,1,120,0.005,38,62,3,0.4,0.7,0.25,990.6235620247368
84.0,-0.9376437975263219,7.463162753441463,0.9354716907596924,25,1,120,0.005,38,62,4,0.4,0.7,0.25,990.6235620247368
83.92857142857143,1.580504040246944,11.551684164861015,1.0463120550067055,56,1,80,0.016,42,58,3,0.4,0.8,0.25,1015.8050404024694
83.92857142857143,1.580504040246944,11.551684164861015,1.0463120550067055,56,1,80,0.016,42,58,4,0.4,0.8,0.25,1015.8050404024694
83.92857142857143,1.5716229550074123,13.221075574891245,1.0464092734295694,56,1,80,0.02,35,65,1,0.0,0.8,0.25,1015.7162295500742
83.92857142857143,1.5716229550074123,13.221075574891245,1.0464092734295694,56,1,80,0.02,35,65,2,0.0,0.8,0.25,1015.7162295500742
83.9080459770115,-0.5874565996923486,11.561080895253292,0.9859124917958318,87,2,60,0.005,30,70,0,0.0,0.62,0.25,994.1254340030765
83.87096774193549,9.880312485530762,8.574700838410005,1.4928247935014962,31,1,120,0.03,35,65,3,0.4,0.8,0.35,1098.8031248553077
83.87096774193549,9.880312485530762,8.574700838410005,1.4928247935014962,31,1,120,0.03,35,65,4,0.4,0.8,0.35,1098.8031248553077
83.87096774193549,7.506940327871314,8.147169452046239,1.4182426793087208,31,1,80,0.008,35,65,3,0.4,0.7,0.35,1075.0694032787133
83.87096774193549,7.506940327871314,8.147169452046239,1.4182426793087208,31,1,80,0.008,35,65,4,0.4,0.7,0.35,1075.0694032787133
83.87096774193549,1.5730503211073055,11.977377504938039,1.087197582348161,31,0,80,0.012,38,62,3,0.5,0.8,0.25,1015.730503211073
83.87096774193549,1.5730503211073055,11.977377504938039,1.087197582348161,31,0,80,0.012,38,62,4,0.5,0.8,0.25,1015.730503211073
83.87096774193549,1.5719720138654747,8.587970101613553,1.0862165815669578,31,0,60,0.016,35,65,3,0.5,0.8,0.25,1015.7197201386547
83.87096774193549,1.5719720138654747,8.587970101613553,1.0862165815669578,31,0,60,0.016,35,65,4,0.5,0.8,0.25,1015.7197201386547
83.87096774193549,1.5719720138654747,8.587970101613553,1.0862165815669578,31,0,80,0.016,35,65,3,0.5,0.8,0.25,1015.7197201386547
83.87096774193549,1.5719720138654747,8.587970101613553,1.0862165815669578,31,0,80,0.016,35,65,4,0.5,0.8,0.25,1015.7197201386547
83.87096774193549,0.9908234501517788,8.229186638216236,1.0598122726380659,31,0,60,0.005,42,58,3,0.5,0.7,0.25,1009.9082345015178
83.87096774193549,0.9908234501517788,8.229186638216236,1.0598122726380659,31,0,60,0.005,42,58,4,0.5,0.7,0.25,1009.9082345015178
83.87096774193549,0.9908234501517788,8.229186638216236,1.0598122726380659,31,0,60,0.005,45,55,3,0.5,0.7,0.25,1009.9082345015178
83.87096774193549,0.9908234501517788,8.229186638216236,1.0598122726380659,31,0,60,0.005,45,55,4,0.5,0.7,0.25,1009.9082345015178
83.87096774193549,0.9896806509313683,6.9851238402778,1.0615364022219482,31,0,120,0.02,38,62,3,0.5,0.7,0.25,1009.8968065093136
83.87096774193549,0.9896806509313683,6.9851238402778,1.0615364022219482,31,0,120,0.02,38,62,4,0.5,0.7,0.25,1009.8968065093136
83.87096774193549,0.9887427560402395,7.6106299385176115,1.0613092061347575,31,0,80,0.012,35,65,3,0.5,0.7,0.25,1009.8874275604023
83.87096774193549,0.9887427560402395,7.6106299385176115,1.0613092061347575,31,0,80,0.012,35,65,4,0.5,0.7,0.25,1009.8874275604023
83.87096774193549,0.1620328627111478,9.718625436283663,1.0082679578040976,31,1,80,0.005,38,62,3,0.4,0.8,0.25,1001.6203286271116
83.87096774193549,0.1620328627111478,9.718625436283663,1.0082679578040976,31,1,80,0.005,38,62,4,0.4,0.8,0.25,1001.6203286271116
83.78378378378379,12.02233511719668,8.65628978265565,1.5016461074891652,37,1,80,0.005,35,65,1,0.0,0.8,0.35,1120.223351171967
83.78378378378379,12.02233511719668,8.65628978265565,1.5016461074891652,37,1,80,0.005,35,65,2,0.0,0.8,0.35,1120.223351171967
83.78378378378379,1.7301667934927822,11.282469668647217,1.079982046683366,37,0,40,0.02,38,62,3,0.5,0.8,0.25,1017.3016679349279
83.78378378378379,1.7301667934927822,11.282469668647217,1.079982046683366,37,0,40,0.02,38,62,4,0.5,0.8,0.25,1017.3016679349279
83.78378378378379,1.73016679349276,9.300867788962663,1.0770142408132841,37,0,40,0.008,42,58,3,0.5,0.8,0.25,1017.3016679349277
83.78378378378379,1.73016679349276,9.300867788962663,1.0770142408132841,37,0,40,0.008,42,58,4,0.5,0.8,0.25,1017.3016679349277
83.78378378378379,1.7277521488226366,11.977377504938055,1.07757516666929,37,0,80,0.012,45,55,3,0.5,0.8,0.25,1017.2775214882263
83.78378378378379,1.7277521488226366,11.977377504938055,1.07757516666929,37,0,80,0.012,45,55,4,0.5,0.8,0.25,1017.2775214882263
83.78378378378379,0.31326951504939693,11.691100113546323,1.0136925618252524,37,1,120,0.012,45,55,3,0.4,0.8,0.25,1003.132695150494
83.78378378378379,0.31326951504939693,11.691100113546323,1.0136925618252524,37,1,120,0.012,45,55,4,0.4,0.8,0.25,1003.132695150494
83.78378378378379,-0.8218661323214249,11.032491824647847,0.9600317452053941,37,1,120,0.03,35,65,3,0.4,0.7,0.25,991.7813386767857
83.78378378378379,-0.8218661323214249,11.032491824647847,0.9600317452053941,37,1,120,0.03,35,65,4,0.4,0.7,0.25,991.7813386767857
83.75,-1.1543638820910473,11.548430929638872,0.9699604299114242,80,2,80,0.005,30,70,0,0.0,0.62,0.25,988.4563611790895
83.72093023255815,0.4695039097351916,11.691100113546323,1.0174535167785947,43,1,120,0.016,45,55,3,0.4,0.8,0.25,1004.6950390973519
83.72093023255815,0.4695039097351916,11.691100113546323,1.0174535167785947,43,1,120,0.016,45,55,4,0.4,0.8,0.25,1004.6950390973519
83.72093023255815,0.46498606601708126,10.862379114895282,1.0177933601357714,43,1,120,0.008,38,62,1,0.0,0.8,0.25,1004.6498606601708
83.72093023255815,0.46498606601708126,10.862379114895282,1.0177933601357714,43,1,120,0.008,38,62,2,0.0,0.8,0.25,1004.6498606601708
83.72093023255815,0.46391952206992215,13.902330854665154,1.0169912295483097,43,1,120,0.005,42,58,1,0.0,0.8,0.25,1004.6391952206993
83.72093023255815,0.46391952206992215,13.902330854665154,1.0169912295483097,43,1,120,0.005,42,58,2,0.0,0.8,0.25,1004.6391952206993
83.72093023255815,-0.7591170480458542,9.822898356049729,0.9680069909552863,43,1,60,0.03,35,65,3,0.4,0.7,0.25,992.4088295195414
83.72093023255815,-0.7591170480458542,9.822898356049729,0.9680069909552863,43,1,60,0.03,35,65,4,0.4,0.7,0.25,992.4088295195414
83.72093023255815,-4.424426969929762,13.58944541093495,0.9317817354187639,129,3,60,0.005,35,65,0,0.0,0.62,0.25,955.7557303007023
83.72093023255815,-4.79595418905896,14.769901070566863,0.9169840975986904,129,2,80,0.005,35,65,0,0.0,0.55,0.25,952.0404581094105
83.6734693877551,0.6182521727678081,11.28770571415634,1.0205276290763756,49,1,120,0.02,35,65,1,0.0,0.8,0.25,1006.182521727678
83.6734693877551,0.6182521727678081,11.28770571415634,1.0205276290763756,49,1,120,0.02,35,65,2,0.0,0.8,0.25,1006.182521727678
83.6734693877551,-1.9550480104853607,5.76895926247196,0.8539636555265283,49,0,80,0.008,38,62,3,0.4,0.35,0.25,980.4495198951464
83.6734693877551,-1.9550480104853607,5.76895926247196,0.8539636555265283,49,0,80,0.008,38,62,4,0.4,0.35,0.25,980.4495198951464
83.63636363636363,-2.2320165801163583,7.094560639288451,0.8508087842847252,55,0,80,0.012,38,62,3,0.4,0.35,0.25,977.6798341988364
83.63636363636363,-2.2320165801163583,7.094560639288451,0.8508087842847252,55,0,80,0.012,38,62,4,0.4,0.35,0.25,977.6798341988364
83.51648351648352,-3.7657082693967836,14.503150071554701,0.9079648321552835,91,2,60,0.005,30,70,0,0.0,0.55,0.25,962.3429173060322
83.33333333333334,8.633474943206298,8.574700838410005,1.43160817245639,30,1,80,0.012,35,65,3,0.4,0.8,0.35,1086.334749432063
83.33333333333334,8.633474943206298,8.574700838410005,1.43160817245639,30,1,80,0.012,35,65,4,0.4,0.8,0.35,1086.334749432063
83.33333333333334,8.45862649376723,5.815898151733972,1.5142870073378665,30,0,120,0.02,38,62,3,0.5,0.7,0.35,1084.5862649376722
83.33333333333334,8.45862649376723,5.815898151733972,1.5142870073378665,30,0,120,0.02,38,62,4,0.5,0.7,0.35,1084.5862649376722
83.33333333333334,8.457216436081794,6.740882696277395,1.5121645704907167,30,0,80,0.012,35,65,3,0.5,0.7,0.35,1084.5721643608179
83.33333333333334,8.457216436081794,6.740882696277395,1.5121645704907167,30,0,80,0.012,35,65,4,0.5,0.7,0.35,1084.5721643608179
83.33333333333334,8.45580639672825,6.742095146954228,1.512083158713776,30,0,120,0.03,35,65,3,0.5,0.7,0.35,1084.5580639672826
83.33333333333334,8.45580639672825,6.742095146954228,1.512083158713776,30,0,120,0.03,35,65,4,0.5,0.7,0.35,1084.5580639672826
83.33333333333334,8.057663081887556,5.1347344261070775,1.5111928148500393,24,0,40,0.005,35,65,3,0.5,0.8,0.35,1080.5766308188756
83.33333333333334,8.057663081887556,5.1347344261070775,1.5111928148500393,24,0,40,0.005,35,65,4,0.5,0.8,0.35,1080.5766308188756
83.33333333333334,8.056058520297626,8.652182116656311,1.5227689052624425,24,0,60,0.005,38,62,3,0.5,0.8,0.35,1080.5605852029762
83.33333333333334,8.056058520297626,8.652182116656311,1.5227689052624425,24,0,60,0.005,38,62,4,0.5,0.8,0.35,1080.5605852029762
83.33333333333334,8.052804019034232,5.1347344261070695,1.522484233041112,24,0,80,0.008,35,65,3,0.5,0.8,0.35,1080.5280401903424
83.33333333333334,8.052804019034232,5.1347344261070695,1.522484233041112,24,0,80,0.008,35,65,4,0.5,0.8,0.35,1080.5280401903424
83.33333333333334,6.549923097909849,5.709976193522323,1.4031814203296613,24,1,80,0.005,35,65,3,0.4,0.8,0.35,1065.4992309790985
83.33333333333334,6.549923097909849,5.709976193522323,1.4031814203296613,24,1,80,0.005,35,65,4,0.4,0.8,0.35,1065.4992309790985
83.33333333333334,4.739340204914955,5.712690966670084,1.321543600885166,24,1,120,0.005,38,62,3,0.4,0.7,0.35,1047.3934020491495
83.33333333333334,4.739340204914955,5.712690966670084,1.321543600885166,24,1,120,0.005,38,62,4,0.4,0.7,0.35,1047.3934020491495
83.33333333333334,1.090533529911486,12.663842121038224,1.0419266183276337,42,0,40,0.008,45,55,3,0.5,0.8,0.25,1010.9053352991149
83.33333333333334,1.090533529911486,12.663842121038224,1.0419266183276337,42,0,40,0.008,45,55,4,0.5,0.8,0.25,1010.9053352991149
83.33333333333334,1.0870609081007787,11.97737750493805,1.0423028703281245,42,0,40,0.012,42,58,3,0.5,0.8,0.25,1010.8706090810078
83.33333333333334,1.0870609081007787,11.97737750493805,1.0423028703281245,42,0,40,0.012,42,58,4,0.5,0.8,0.25,1010.8706090810078
83.33333333333334,0.9333334074873578,11.977377504938039,1.0433681778779658,36,0,40,0.016,38,62,3,0.5,0.8,0.25,1009.3333340748736
83.33333333333334,0.9333334074873578,11.977377504938039,1.0433681778779658,36,0,40,0.016,38,62,4,0.5,0.8,0.25,1009.3333340748736
83.33333333333334,0.9333334074873356,11.282469668647229,1.0429748095405813,36,0,60,0.03,38,62,3,0.5,0.8,0.25,1009.3333340748734
83.33333333333334,0.9333334074873356,11.282469668647229,1.0429748095405813,36,0,60,0.03,38,62,4,0.5,0.8,0.25,1009.3333340748734
83.33333333333334,0.9298661857526813,11.97737750493805,1.0420243062115224,36,0,80,0.012,42,58,3,0.5,0.8,0.25,1009.2986618575269
83.33333333333334,0.9298661857526813,11.97737750493805,1.0420243062115224,36,0,80,0.012,42,58,4,0.5,0.8,0.25,1009.2986618575269
83.33333333333334,0.779839686986139,9.30086778896266,1.0427109847532194,30,0,60,0.008,38,62,3,0.5,0.8,0.25,1007.7983968698614
83.33333333333334,0.779839686986139,9.30086778896266,1.0427109847532194,30,0,60,0.008,38,62,4,0.5,0.8,0.25,1007.7983968698614
83.33333333333334,0.7763777380067616,8.587970101613553,1.0425813144160456,30,0,60,0.012,35,65,3,0.5,0.8,0.25,1007.7637773800676
83.33333333333334,0.7763777380067616,8.587970101613553,1.0425813144160456,30,0,60,0.012,35,65,4,0.5,0.8,0.25,1007.7637773800676
83.33333333333334,0.6220544840970677,8.58385936332353,1.040368169821646,24,0,60,0.008,45,55,3,0.6,0.8,0.25,1006.2205448409708
83.33333333333334,0.6220544840970677,8.58385936332353,1.040368169821646,24,0,60,0.008,45,55,4,0.6,0.8,0.25,1006.2205448409708
83.33333333333334,0.6196661413349736,9.304946285309763,1.04272636477403,24,0,120,0.012,35,65,3,0.5,0.8,0.25,1006.1966614133498
83.33333333333334,0.6196661413349736,9.304946285309763,1.04272636477403,24,0,120,0.012,35,65,4,0.5,0.8,0.25,1006.1966614133498
83.33333333333334,0.615393465203451,5.808398450089633,1.0414541138687343,24,0,60,0.016,30,70,1,0.0,0.8,0.25,1006.1539346520344
83.33333333333334,0.615393465203451,5.808398450089633,1.0414541138687343,24,0,60,0.016,30,70,2,0.0,0.8,0.25,1006.1539346520344
83.33333333333334,0.615393465203451,5.808398450089629,1.04129128532089,24,0,40,0.012,30,70,1,0.0,0.8,0.25,1006.1539346520344
83.33333333333334,0.615393465203451,5.808398450089629,1.04129128532089,24,0,40,0.012,30,70,2,0.0,0.8,0.25,1006.1539346520344
83.33333333333334,0.6107793375828674,15.906404111707653,1.012540706682411,78,1,40,0.03,42,58,3,0.4,0.8,0.25,1006.1077933758286
83.33333333333334,0.6107793375828674,15.906404111707653,1.012540706682411,78,1,40,0.03,42,58,4,0.4,0.8,0.25,1006.1077933758286
83.33333333333334,0.3126123377429568,8.229186638216234,1.0193616466710775,30,0,80,0.008,38,62,3,0.5,0.7,0.25,1003.1261233774296
83.33333333333334,0.3126123377429568,8.229186638216234,1.0193616466710775,30,0,80,0.008,38,62,4,0.5,0.7,0.25,1003.1261233774296
83.33333333333334,0.3116807308102265,8.229186638216236,1.018840512138847,30,0,80,0.005,42,58,3,0.5,0.7,0.25,1003.1168073081022
83.33333333333334,0.3116807308102265,8.229186638216236,1.018840512138847,30,0,80,0.005,42,58,4,0.5,0.7,0.25,1003.1168073081022
83.33333333333334,0.3116807308102265,8.229186638216236,1.018840512138847,30,0,80,0.005,45,55,3,0.5,0.7,0.25,1003.1168073081022
83.33333333333334,0.3116807308102265,8.229186638216236,1.018840512138847,30,0,80,0.005,45,55,4,0.5,0.7,0.25,1003.1168073081022
83.33333333333334,0.30868244985544635,8.849051218838383,1.0184790819246936,30,0,80,0.012,45,55,3,0.6,0.7,0.25,1003.0868244985544
83.33333333333334,0.30868244985544635,8.849051218838383,1.0184790819246936,30,0,80,0.012,45,55,4,0.6,0.7,0.25,1003.0868244985544
