入场时间,出场时间,入场价,出场价,止损价,止盈价,净盈亏,收益率百分比,R倍数,手续费,出场原因,出场后权益
2025-05-27 20:00,2025-05-27 21:00,109588.30,109916.30,109424.30,109916.30,5.9746,0.5975,2.0000,3.0045,止盈,1005.9746
2025-05-27 23:45,2025-05-28 06:15,110017.20,108621.20,108621.20,112809.20,-41.2930,-4.1048,-1.0000,2.9988,止损,964.6816
2025-05-28 09:00,2025-05-28 09:45,109204.30,108694.40,108694.40,110224.10,-16.4002,-1.7001,-1.0000,2.8873,止损,948.2813
2025-05-28 12:45,2025-05-28 16:30,108994.60,108629.60,108629.60,109724.60,-12.3669,-1.3041,-1.0000,2.8401,止损,935.9145
2025-05-28 19:00,2025-05-28 21:45,108834.10,108250.00,108250.00,110002.30,-17.8690,-1.9093,-1.0000,2.8002,止损,918.0454
2025-05-29 14:30,2025-05-29 18:45,107930.10,108831.90,107479.20,108831.90,20.2463,2.2054,2.0000,2.7656,止盈,938.2917
2025-06-09 22:15,2025-06-10 02:15,107418.80,108540.80,106857.80,108540.80,26.5721,2.8320,2.0000,2.8296,止盈,964.8638
2025-06-10 14:45,2025-06-10 15:45,109573.20,109140.10,109140.10,110439.40,-14.3301,-1.4852,-1.0000,2.8889,止损,950.5337
2025-06-10 17:45,2025-06-10 21:30,109359.40,109048.80,109048.80,109980.60,-10.9466,-1.1516,-1.0000,2.8476,止损,939.5871
2025-06-11 02:45,2025-06-11 03:30,109080.80,110199.00,108521.70,110199.00,26.0622,2.7738,2.0000,2.8332,止盈,965.6494
2025-06-11 11:15,2025-06-11 13:00,109811.00,109542.30,109542.30,110348.40,-9.9820,-1.0337,-1.0000,2.8934,止损,955.6673
2025-06-11 15:15,2025-06-11 17:30,109688.60,109367.40,109367.40,110331.00,-11.2582,-1.1780,-1.0000,2.8628,止损,944.4091
2025-06-11 20:45,2025-06-12 01:45,109816.40,109011.40,109011.40,111426.40,-23.5916,-2.4980,-1.0000,2.8228,止损,920.8175
2025-06-12 05:15,2025-06-12 05:30,109221.70,108489.10,108489.10,110686.90,-21.2822,-2.3112,-1.0000,2.7532,止损,899.5353
2025-06-12 09:00,2025-06-12 09:30,108705.70,108320.40,108320.40,109476.30,-12.2588,-1.3628,-1.0000,2.6938,止损,887.2765
2025-06-12 10:15,2025-06-12 11:15,108633.70,108256.90,108256.90,109387.30,-11.8899,-1.3400,-1.0000,2.6572,止损,875.3866
2025-06-13 00:15,2025-06-13 01:30,107347.90,108287.50,106878.10,108287.50,20.3487,2.3245,2.0000,2.6377,止盈,895.7353
2025-06-13 03:15,2025-06-13 03:45,107749.80,107218.20,107218.20,108813.00,-15.9383,-1.7794,-1.0000,2.6806,止损,879.7970
2025-06-17 11:00,2025-06-17 15:15,107486.50,106571.40,106571.40,109316.70,-25.0989,-2.8528,-1.0000,2.6282,止损,854.6981
2025-06-26 00:15,2025-06-26 23:30,107370.00,106737.50,106737.50,108635.00,-17.6612,-2.0664,-1.0000,2.5565,止损,837.0368
2025-06-27 01:30,2025-06-27 05:30,107355.30,107012.00,107012.00,108041.90,-10.5371,-1.2589,-1.0000,2.5071,止损,826.4997
2025-06-27 08:30,2025-06-27 08:45,107172.00,106872.60,106872.60,107770.80,-9.4029,-1.1377,-1.0000,2.4760,止损,817.0969
2025-06-27 09:45,2025-06-27 21:45,107094.00,106437.30,106437.30,108407.40,-17.4751,-2.1387,-1.0000,2.4438,止损,799.6218
2025-06-27 23:45,2025-06-30 08:30,107184.10,108794.10,106379.10,108794.10,33.6162,4.2040,2.0000,2.4169,止盈,833.2380
2025-06-30 19:15,2025-06-30 22:00,107720.30,107395.10,107395.10,108370.70,-10.0424,-1.2052,-1.0000,2.4959,止损,823.1956
2025-07-01 00:00,2025-07-01 13:15,107575.00,106736.90,106736.90,109251.20,-21.7001,-2.6361,-1.0000,2.4600,止损,801.4955
2025-07-01 16:00,2025-07-01 17:15,107184.10,106621.10,106621.10,108310.10,-15.0281,-1.8750,-1.0000,2.3982,止损,786.4674
2025-07-01 21:30,2025-07-01 21:30,106629.00,106365.90,106365.90,107155.20,-8.1782,-1.0399,-1.0000,2.3565,止损,778.2892
2025-07-01 22:00,2025-07-01 22:30,106806.50,106287.10,106287.10,107845.30,-13.6837,-1.7582,-1.0000,2.3292,止损,764.6056
2025-07-02 21:15,2025-07-02 23:45,107660.00,108616.40,107181.80,108616.40,18.0732,2.3637,2.0000,2.3040,止盈,782.6787
2025-07-03 05:15,2025-07-03 05:45,109216.20,109369.20,109139.70,109369.20,0.9397,0.1201,2.0000,2.3497,止盈,783.6184
2025-07-03 08:45,2025-07-03 10:15,109100.00,108706.60,108706.60,109886.80,-10.8235,-1.3812,-1.0000,2.3466,止损,772.7949
2025-07-03 12:30,2025-07-03 17:15,108951.10,109725.30,108564.00,109725.30,14.1477,1.8307,2.0000,2.3266,止盈,786.9426
2025-07-03 20:30,2025-07-03 20:30,109619.50,109492.90,109492.90,109872.70,-5.0860,-0.6463,-1.0000,2.3595,止损,781.8566
2025-07-03 21:45,2025-07-04 15:15,110081.70,108758.00,108758.00,112729.10,-30.5363,-3.9056,-1.0000,2.3315,止损,751.3203
2025-07-04 17:30,2025-07-04 21:30,109042.30,108529.00,108529.00,110068.90,-12.8588,-1.7115,-1.0000,2.2487,止损,738.4615
2025-07-05 04:30,2025-07-06 21:30,107743.40,108718.80,107255.70,108718.80,17.8304,2.4145,2.0000,2.2254,止盈,756.2919
2025-07-07 04:15,2025-07-07 21:00,108795.50,108281.60,108281.60,109823.30,-12.9806,-1.7164,-1.0000,2.2635,止损,743.3113
2025-07-07 23:30,2025-07-08 00:15,108548.30,107966.00,107966.00,109712.90,-14.1863,-1.9085,-1.0000,2.2240,止损,729.1250
2025-07-08 03:15,2025-07-08 10:15,108169.00,107506.50,107506.50,109494.00,-15.5776,-2.1365,-1.0000,2.1807,止损,713.5474
2025-07-08 12:45,2025-07-08 15:45,107986.10,108474.10,107742.10,108474.10,7.5283,1.0551,2.0000,2.1455,止盈,721.0757
2025-07-08 22:45,2025-07-08 22:45,108761.40,108387.50,108387.50,109509.20,-9.5963,-1.3308,-1.0000,2.1595,止损,711.4794
2025-07-09 01:15,2025-07-10 03:15,108775.10,110130.10,108097.60,110130.10,24.4407,3.4352,2.0000,2.1477,止盈,735.9202
2025-07-10 09:15,2025-07-10 09:45,111024.00,111296.00,110888.00,111296.00,3.1984,0.4346,2.0000,2.2105,止盈,739.1185
2025-07-10 12:45,2025-07-10 13:15,111160.40,110964.20,110964.20,111552.80,-6.1291,-0.8292,-1.0000,2.2154,止损,732.9895
2025-07-10 14:00,2025-07-10 15:00,111102.00,111395.80,110955.10,111395.80,3.6131,0.4929,2.0000,2.2019,止盈,736.6026
2025-07-10 16:30,2025-07-10 17:15,111258.00,111119.20,111119.20,111535.60,-4.9653,-0.6741,-1.0000,2.2084,止损,731.6373
2025-07-10 19:30,2025-07-10 20:00,111176.00,110880.00,110880.00,111768.00,-8.0358,-1.0983,-1.0000,2.1920,止损,723.6015
2025-07-10 21:30,2025-07-10 21:30,111038.50,110760.00,110760.00,111595.50,-7.6128,-1.0521,-1.0000,2.1681,止损,715.9887
2025-07-10 22:15,2025-07-11 00:15,111113.60,112332.00,110504.40,112332.00,21.3935,2.9880,2.0000,2.1597,止盈,737.3822
2025-07-11 20:15,2025-07-11 21:30,118226.50,117600.00,117600.00,119479.50,-13.9288,-1.8890,-1.0000,2.2063,止损,723.4534
2025-07-11 22:00,2025-07-11 23:45,117978.90,117272.70,117272.70,119391.30,-15.1552,-2.0948,-1.0000,2.1639,止损,708.2982
2025-07-12 02:00,2025-07-12 23:30,117640.00,117094.40,117094.40,118731.20,-11.9750,-1.6907,-1.0000,2.1200,止损,696.3232
2025-07-13 01:30,2025-07-13 04:45,117455.30,117052.20,117052.20,118261.50,-9.2546,-1.3291,-1.0000,2.0854,止损,687.0686
2025-07-13 05:45,2025-07-13 21:45,117565.90,118687.70,117005.00,118687.70,17.5967,2.5611,2.0000,2.0710,止盈,704.6653
2025-07-14 01:15,2025-07-14 03:00,118615.90,119107.70,118370.00,119107.70,6.6466,0.9432,2.0000,2.1184,止盈,711.3119
2025-07-14 05:30,2025-07-14 05:30,118957.90,118813.80,118813.80,119246.10,-4.7176,-0.6632,-1.0000,2.1326,止损,706.5943
2025-07-14 08:00,2025-07-14 11:30,119095.90,120515.50,118386.10,120515.50,23.1350,3.2742,2.0000,2.1324,止盈,729.7293
2025-07-14 18:45,2025-07-14 19:15,122050.30,121639.00,121639.00,122872.90,-9.5629,-1.3105,-1.0000,2.1855,止损,720.1664
2025-07-14 20:45,2025-07-14 21:30,121860.10,121360.10,121360.10,122860.10,-11.0207,-1.5303,-1.0000,2.1561,止损,709.1457
2025-07-15 04:45,2025-07-15 08:30,120239.20,119520.00,119520.00,121677.60,-14.8461,-2.0935,-1.0000,2.1211,止损,694.2995
2025-07-15 18:45,2025-07-15 19:15,117150.60,116691.20,116691.20,118069.40,-10.2468,-1.4758,-1.0000,2.0788,止损,684.0527
2025-07-15 20:00,2025-07-15 22:45,117115.10,116320.10,116320.10,118705.10,-15.9756,-2.3354,-1.0000,2.0452,止损,668.0771
2025-07-16 00:45,2025-07-25 11:00,117663.70,115852.50,115852.50,121286.10,-32.8400,-4.9156,-1.0000,1.9888,止损,635.2371
2025-07-27 00:00,2025-07-27 08:30,118126.60,117820.80,117820.80,118738.20,-6.8367,-1.0762,-1.0000,1.9032,止损,628.4005
2025-07-27 09:15,2025-07-28 00:00,118087.80,118627.40,117818.00,118627.40,6.7249,1.0702,2.0000,1.8895,止盈,635.1253
2025-07-28 05:30,2025-07-28 06:00,119043.70,119679.10,118726.00,119679.10,8.2596,1.3005,2.0000,1.9105,止盈,643.3849
2025-07-28 09:30,2025-07-28 09:30,119394.00,119077.30,119077.30,120027.40,-7.0474,-1.0954,-1.0000,1.9276,止损,636.3374
2025-07-28 10:30,2025-07-28 15:00,119479.90,118947.30,118947.30,120545.10,-10.4145,-1.6366,-1.0000,1.9048,止损,625.9230
2025-07-28 20:15,2025-07-28 21:15,118897.30,118486.90,118486.90,119718.10,-8.3561,-1.3350,-1.0000,1.8745,止损,617.5669
2025-07-29 03:15,2025-07-29 23:30,118140.10,117400.40,117400.40,119619.50,-13.4470,-2.1774,-1.0000,1.8469,止损,604.1199
2025-07-30 13:30,2025-07-30 19:45,117977.90,117674.90,117674.90,118583.90,-6.4647,-1.0701,-1.0000,1.8100,止损,597.6552
2025-07-31 17:45,2025-07-31 18:00,118541.90,118685.70,118470.00,118685.70,0.3809,0.0637,2.0000,1.7941,止盈,598.0361
2025-07-31 18:45,2025-07-31 19:15,118552.40,118430.20,118430.20,118796.80,-3.6425,-0.6091,-1.0000,1.7932,止损,594.3936
2025-07-31 20:30,2025-07-31 21:00,118539.60,118293.20,118293.20,119032.40,-5.4879,-0.9233,-1.0000,1.7813,止损,588.9057
2025-07-31 22:00,2025-08-01 01:15,118570.10,117826.00,117826.00,120058.30,-12.8484,-2.1817,-1.0000,1.7612,止损,576.0573
2025-08-08 19:15,2025-08-08 23:00,116767.30,116321.70,116321.70,117658.50,-8.3198,-1.4443,-1.0000,1.7249,止损,567.7375
2025-08-09 01:15,2025-08-09 17:45,116417.50,117476.50,115888.00,117476.50,13.7824,2.4276,2.0000,1.7110,止盈,581.5200
2025-08-09 20:15,2025-08-09 20:30,117209.90,117052.40,117052.40,117524.90,-4.0876,-0.7029,-1.0000,1.7434,止损,577.4323
2025-08-10 06:30,2025-08-10 10:45,116682.20,117308.20,116369.20,117308.20,7.5568,1.3087,2.0000,1.7369,止盈,584.9892
2025-08-10 16:15,2025-08-11 07:00,118016.20,119129.80,117459.40,119129.80,14.7966,2.5294,2.0000,1.7632,止盈,599.7858
2025-08-11 16:30,2025-08-11 17:30,121721.00,121204.60,121204.60,122753.80,-9.4293,-1.5721,-1.0000,1.7955,止损,590.3565
2025-08-11 23:45,2025-08-12 01:15,120377.30,119790.00,119790.00,121551.90,-10.4075,-1.7629,-1.0000,1.7667,止损,579.9490
2025-08-12 09:00,2025-08-12 13:30,118958.00,118590.10,118590.10,119693.80,-7.1180,-1.2273,-1.0000,1.7372,止损,572.8310
2025-08-12 14:30,2025-08-12 17:45,119007.90,118430.60,118430.60,120162.50,-10.0506,-1.7546,-1.0000,1.7143,止损,562.7804
2025-08-12 20:45,2025-08-13 21:45,119109.10,120905.90,118210.70,120905.90,23.7681,4.2233,2.0000,1.7011,止盈,586.5485
2025-08-13 23:45,2025-08-14 06:30,121324.00,123372.00,120300.00,123372.00,27.9291,4.7616,2.0000,1.7745,止盈,614.4776
2025-08-15 13:30,2025-08-15 14:00,118763.60,119032.00,118629.40,119032.00,2.3206,0.3776,2.0000,1.8455,止盈,616.7981
2025-08-15 16:00,2025-08-15 17:15,118973.60,118772.10,118772.10,119376.60,-4.9828,-0.8078,-1.0000,1.8488,止损,611.8154
2025-08-15 18:30,2025-08-15 20:30,118980.30,118607.20,118607.20,119726.50,-7.5882,-1.2403,-1.0000,1.8326,止损,604.2272
2025-08-17 21:45,2025-08-18 00:00,118338.00,118062.00,118062.00,118890.00,-6.0383,-0.9993,-1.0000,1.8106,止损,598.1889
2025-09-08 22:15,2025-09-08 22:30,112144.00,112693.60,111869.20,112693.60,6.9959,1.1695,2.0000,1.7990,止盈,605.1848
2025-09-09 01:30,2025-09-09 01:45,112529.80,112244.40,112244.40,113100.60,-6.4179,-1.0605,-1.0000,1.8133,止损,598.7669
2025-09-09 02:30,2025-09-09 03:45,112387.00,112080.90,112080.90,112999.20,-6.6863,-1.1167,-1.0000,1.7939,止损,592.0806
2025-09-09 05:45,2025-09-09 08:15,112246.10,111900.00,111900.00,112938.30,-7.2504,-1.2246,-1.0000,1.7735,止损,584.8302
2025-09-09 12:00,2025-09-09 14:00,111702.80,112685.60,111211.40,112685.60,13.6744,2.3382,2.0000,1.7622,止盈,598.5046
2025-09-09 18:45,2025-09-09 19:30,112820.60,112629.20,112629.20,113203.40,-4.8401,-0.8087,-1.0000,1.7940,止损,593.6646
2025-09-09 21:15,2025-09-09 22:00,112769.90,112399.80,112399.80,113510.10,-7.6231,-1.2841,-1.0000,1.7781,止损,586.0414
2025-09-10 05:00,2025-09-10 08:45,111530.00,111092.40,111092.40,112405.20,-8.6529,-1.4765,-1.0000,1.7547,止损,577.3886
2025-09-11 01:45,2025-09-11 02:15,113637.20,113409.00,113409.00,114093.60,-5.2089,-0.9021,-1.0000,1.7304,止损,572.1797
2025-09-11 04:00,2025-09-11 11:45,113569.00,114398.80,113154.10,114398.80,10.8192,1.8909,2.0000,1.7228,止盈,582.9989
2025-09-11 15:45,2025-09-11 17:00,114212.10,113935.30,113935.30,114765.70,-5.9857,-1.0267,-1.0000,1.7469,止损,577.0132
2025-09-11 18:45,2025-09-11 20:30,114046.00,113775.00,113775.00,114588.00,-5.8423,-1.0125,-1.0000,1.7290,止损,571.1709
2025-09-11 22:00,2025-09-17 10:45,114635.80,117072.40,113417.50,117072.40,34.6892,6.0734,2.0000,1.7317,止盈,605.8601
2025-09-17 11:15,2025-09-17 11:15,116702.10,116560.00,116560.00,116986.30,-4.0296,-0.6651,-1.0000,1.8165,止损,601.8305
2025-09-18 01:45,2025-09-18 02:15,116034.00,115390.10,115390.10,117321.80,-11.8196,-1.9639,-1.0000,1.8005,止损,590.0109
2025-09-18 03:30,2025-09-18 11:15,115748.00,117800.00,114722.00,117800.00,29.5937,5.0158,2.0000,1.7857,止盈,619.6047
2025-09-18 15:15,2025-09-18 22:15,117163.20,117703.20,116893.20,117703.20,6.7041,1.0820,2.0000,1.8631,止盈,626.3087
2025-09-18 23:45,2025-09-18 23:45,117450.00,117680.80,117334.60,117680.80,1.8115,0.2892,2.0000,1.8808,止盈,628.1202
2025-09-19 02:00,2025-09-19 03:30,117584.60,117399.90,117399.90,117954.00,-4.8428,-0.7710,-1.0000,1.8829,止损,623.2774
2025-09-19 04:45,2025-09-19 06:45,117661.90,117198.40,117198.40,118588.90,-9.2319,-1.4812,-1.0000,1.8661,止损,614.0455
2025-09-19 08:30,2025-09-19 14:30,117239.10,116647.00,116647.00,118423.30,-11.1409,-1.8144,-1.0000,1.8375,止损,602.9046
2025-09-19 15:45,2025-09-19 17:45,116979.20,116640.00,116640.00,117657.60,-7.0507,-1.1695,-1.0000,1.8061,止损,595.8538
2025-09-20 08:00,2025-09-20 10:15,115630.10,115447.10,115447.10,115996.10,-4.6152,-0.7746,-1.0000,1.7861,止损,591.2386
2025-09-20 11:00,2025-09-20 11:45,115600.00,115438.00,115438.00,115924.00,-4.2581,-0.7202,-1.0000,1.7725,止损,586.9805
2025-09-20 12:45,2025-09-20 15:30,115556.00,115852.00,115408.00,115852.00,2.7475,0.4681,2.0000,1.7632,止盈,589.7280
2025-09-20 17:15,2025-09-20 17:30,115788.80,115696.50,115696.50,115973.40,-3.1788,-0.5390,-1.0000,1.7685,止损,586.5493
2025-09-20 18:15,2025-09-20 20:00,115750.50,115946.50,115652.50,115946.50,1.2185,0.2077,2.0000,1.7611,止盈,587.7677
2025-09-21 05:15,2025-09-21 07:30,115828.40,115676.90,115676.90,116131.40,-4.0685,-0.6922,-1.0000,1.7621,止损,583.6992
2025-09-21 11:00,2025-09-21 17:30,115694.10,115446.00,115446.00,116190.30,-5.5044,-0.9430,-1.0000,1.7492,止损,578.1949
2025-09-21 18:00,2025-09-22 00:30,115691.10,115340.00,115340.00,116393.30,-6.9961,-1.2100,-1.0000,1.7320,止损,571.1988
2025-09-22 02:00,2025-09-22 06:15,115630.00,115212.00,115212.00,116466.00,-7.9051,-1.3840,-1.0000,1.7105,止损,563.2937
2025-09-22 06:45,2025-09-22 08:15,115504.90,115162.20,115162.20,116190.30,-6.7012,-1.1896,-1.0000,1.6874,止损,556.5925
2025-10-01 08:00,2025-10-01 12:30,114047.10,114621.30,113760.00,114621.30,6.7330,1.2097,2.0000,1.6740,止盈,563.3254
2025-10-01 13:15,2025-10-01 16:30,114604.90,115612.70,114101.00,115612.70,13.1637,2.3368,2.0000,1.6974,止盈,576.4891
2025-10-02 03:00,2025-10-02 07:15,117235.80,118259.40,116724.00,118259.40,13.3632,2.3180,2.0000,1.7370,止盈,589.8523
2025-10-02 12:45,2025-10-02 13:15,118596.70,118428.60,118428.60,118932.90,-4.2765,-0.7250,-1.0000,1.7683,止损,585.5758
2025-10-02 14:45,2025-10-02 20:45,118648.00,119385.80,118279.10,119385.80,9.1618,1.5646,2.0000,1.7622,止盈,594.7377
2025-10-02 23:15,2025-10-03 02:45,119180.40,120541.20,118500.00,120541.20,18.5777,3.1237,2.0000,1.7944,止盈,613.3154
2025-10-03 06:15,2025-10-03 06:45,120415.90,120112.70,120112.70,121022.30,-6.4705,-1.0550,-1.0000,1.8376,止损,606.8449
2025-10-03 07:15,2025-10-03 09:15,120496.00,120073.30,120073.30,121341.40,-8.2038,-1.3519,-1.0000,1.8173,止损,598.6411
2025-10-03 11:15,2025-10-03 13:45,120300.00,119833.50,119833.50,121233.00,-8.7567,-1.4628,-1.0000,1.7924,止损,589.8844
2025-10-03 17:00,2025-10-03 23:30,120051.20,121639.60,119257.00,121639.60,21.6330,3.6673,2.0000,1.7814,止盈,611.5174
2025-10-04 04:45,2025-10-04 05:45,122678.60,122046.90,122046.90,123942.00,-11.2764,-1.8440,-1.0000,1.8298,止损,600.2410
2025-10-04 11:30,2025-10-04 13:15,122050.00,122784.80,121682.60,122784.80,9.0351,1.5052,2.0000,1.8061,止盈,609.2761
2025-10-04 16:15,2025-10-04 16:30,122465.20,122249.00,122249.00,122897.60,-5.0531,-0.8294,-1.0000,1.8262,止损,604.2230
2025-10-04 17:15,2025-10-04 17:45,122421.80,122205.80,122205.80,122853.80,-5.0093,-0.8291,-1.0000,1.8111,止损,599.2137
2025-10-05 03:45,2025-10-05 10:15,121881.10,122604.50,121519.40,122604.50,8.8666,1.4797,2.0000,1.8030,止盈,608.0803
2025-10-06 01:00,2025-10-06 22:00,123274.10,125222.10,122300.10,125222.10,26.9883,4.4383,2.0000,1.8387,止盈,635.0686
2025-10-07 06:30,2025-10-07 09:15,125187.50,124517.80,124517.80,126526.90,-12.0922,-1.9041,-1.0000,1.9001,止损,622.9764
2025-10-07 12:45,2025-10-07 14:15,124596.80,124089.10,124089.10,125612.20,-9.4805,-1.5218,-1.0000,1.8651,止损,613.4959
2025-10-07 17:15,2025-10-07 22:00,124123.20,123323.80,123323.80,125722.00,-13.6880,-2.2311,-1.0000,1.8346,止损,599.8079
2025-10-08 04:15,2025-10-09 22:45,122048.70,120784.10,120784.10,124577.90,-20.4347,-3.4069,-1.0000,1.7901,止损,579.3732
2025-10-10 03:30,2025-10-10 21:30,121120.00,122559.80,120400.10,122559.80,18.9132,3.2644,2.0000,1.7485,止盈,598.2864
2025-10-26 06:30,2025-10-26 08:30,111511.90,111836.90,111349.40,111836.90,3.4336,0.5739,2.0000,1.7975,止盈,601.7201
2025-10-26 10:30,2025-10-26 10:45,111654.80,111466.90,111466.90,112030.60,-4.8415,-0.8046,-1.0000,1.8036,止损,596.8786
2025-10-26 13:30,2025-10-26 17:15,111495.50,111986.10,111250.20,111986.10,6.0845,1.0194,2.0000,1.7946,止盈,602.9631
2025-10-27 02:15,2025-10-27 04:15,113563.10,113425.20,113425.20,113838.90,-4.0043,-0.6641,-1.0000,1.8078,止损,598.9588
2025-10-27 17:45,2025-10-27 21:30,115359.60,114825.50,114825.50,116427.80,-10.1120,-1.6883,-1.0000,1.7927,止损,588.8468
2025-10-28 00:15,2025-10-28 04:30,115258.00,114700.00,114700.00,116374.00,-10.3146,-1.7517,-1.0000,1.7623,止损,578.5321
2025-10-28 09:45,2025-10-28 10:45,114469.00,113789.40,113789.40,115828.20,-12.0346,-2.0802,-1.0000,1.7304,止损,566.4975
2025-10-28 14:45,2025-10-28 21:15,114008.00,115143.40,113440.30,115143.40,15.2172,2.6862,2.0000,1.7080,止盈,581.7147
2025-10-28 23:00,2025-10-29 03:15,115069.30,114240.00,114240.00,116727.90,-14.3160,-2.4610,-1.0000,1.7389,止损,567.3987
2025-10-29 12:30,2025-10-29 15:15,112700.00,113450.40,112324.80,113450.40,9.6260,1.6965,2.0000,1.7079,止盈,577.0247
2025-10-29 18:30,2025-10-29 18:45,113040.00,112768.30,112768.30,113583.40,-5.8898,-1.0207,-1.0000,1.7290,止损,571.1349
2025-10-29 19:15,2025-10-29 21:15,113034.40,113643.20,112730.00,113643.20,7.5103,1.3150,2.0000,1.7180,止盈,578.6452
2025-11-29 05:00,2025-11-29 06:00,91190.80,90864.30,90864.30,91843.80,-7.9482,-1.3736,-1.0000,1.7328,止损,570.6971
2025-11-29 07:00,2025-11-29 10:30,91115.80,90700.00,90700.00,91947.40,-9.5212,-1.6683,-1.0000,1.7082,止损,561.1759
2025-11-29 13:00,2025-11-29 14:15,90898.40,90552.20,90552.20,91590.80,-8.0923,-1.4420,-1.0000,1.6803,止损,553.0836
2025-11-29 20:00,2025-11-30 00:15,90675.10,91106.90,90459.20,91106.90,6.2382,1.1279,2.0000,1.6632,止盈,559.3218
2025-11-30 03:00,2025-11-30 21:15,90697.00,91755.00,90168.00,91755.00,17.8861,3.1978,2.0000,1.6878,止盈,577.2079
2025-11-30 23:00,2025-12-01 02:00,91497.90,91258.80,91258.80,91976.10,-6.2544,-1.0836,-1.0000,1.7294,止损,570.9535
2025-12-01 03:45,2025-12-01 04:30,91456.50,91231.00,91231.00,91907.50,-5.9341,-1.0393,-1.0000,1.7107,止损,565.0194
2025-12-03 20:00,2025-12-03 22:00,93006.90,92666.60,92666.60,93687.50,-7.8940,-1.3971,-1.0000,1.6920,止损,557.1255
2025-12-03 22:45,2025-12-05 03:00,93498.60,91690.80,91690.80,97114.20,-33.9714,-6.0976,-1.0000,1.6552,止损,523.1541
2025-12-05 04:45,2025-12-05 21:15,92303.80,90887.60,90887.60,95136.20,-25.6374,-4.9005,-1.0000,1.5574,止损,497.5167
2025-12-08 20:30,2025-12-08 20:30,91863.00,91760.60,91760.60,92067.80,-3.1555,-0.6342,-1.0000,1.4917,止损,494.3613
2025-12-09 08:15,2025-12-09 08:30,90755.90,90481.80,90481.80,91304.10,-5.9600,-1.2056,-1.0000,1.4808,止损,488.4012
2025-12-09 19:00,2025-12-09 23:00,90298.80,91079.60,89908.40,91079.60,11.1979,2.2928,2.0000,1.4715,止盈,499.5991
2025-12-10 07:45,2025-12-10 08:15,92953.20,92510.00,92510.00,93839.60,-8.6415,-1.7297,-1.0000,1.4952,止损,490.9576
2025-12-10 12:45,2025-12-10 18:00,92567.20,93001.60,92350.00,93001.60,5.4356,1.1071,2.0000,1.4763,止盈,496.3932
2025-12-11 00:15,2025-12-11 04:00,92238.90,93581.50,91567.60,93581.50,20.1760,4.0645,2.0000,1.5000,止盈,516.5692
2025-12-12 09:30,2025-12-12 23:15,92100.80,91280.40,91280.40,93741.60,-15.3470,-2.9710,-1.0000,1.5428,止损,501.2222
2025-12-29 16:15,2025-12-29 16:45,89650.00,89476.80,89476.80,89996.40,-4.4072,-0.8793,-1.0000,1.5022,止损,496.8149
2025-12-31 13:45,2025-12-31 19:00,88527.70,88919.10,88332.00,88919.10,5.0958,1.0257,2.0000,1.4937,止盈,501.9108
2025-12-31 21:15,2025-12-31 21:30,88817.90,88750.00,88750.00,88953.70,-2.6563,-0.5292,-1.0000,1.5052,止损,499.2545
2025-12-31 22:00,2025-12-31 22:30,88987.20,88750.00,88750.00,89461.60,-5.4881,-1.0993,-1.0000,1.4958,止损,493.7664
2026-01-02 11:00,2026-01-02 16:30,88638.10,89150.30,88382.00,89150.30,7.0742,1.4327,2.0000,1.4856,止盈,500.8406
2026-01-02 23:45,2026-01-05 08:45,89759.00,92357.60,88459.70,92357.60,41.9750,8.3809,2.0000,1.5243,止盈,542.8156
2026-01-05 13:00,2026-01-05 14:15,92607.00,92346.00,92346.00,93129.00,-6.2157,-1.1451,-1.0000,1.6262,止损,536.5999
2026-01-05 15:15,2026-01-05 22:45,92620.50,93531.30,92165.10,93531.30,14.2125,2.6486,2.0000,1.6177,止盈,550.8124
2026-01-06 05:45,2026-01-06 08:00,94086.10,93801.80,93801.80,94654.70,-6.6431,-1.2061,-1.0000,1.6499,止损,544.1693
2026-01-06 09:30,2026-01-06 10:30,94120.00,93552.10,93552.10,95255.80,-11.4778,-2.1092,-1.0000,1.6276,止损,532.6915
2026-01-06 12:15,2026-01-06 14:00,93953.10,93549.90,93549.90,94759.50,-8.4528,-1.5868,-1.0000,1.5946,止损,524.2387
2026-01-06 14:45,2026-01-06 15:15,93921.00,93537.80,93537.80,94687.40,-7.9862,-1.5234,-1.0000,1.5695,止损,516.2525
2026-01-06 18:15,2026-01-06 22:15,93590.00,94411.60,93179.20,94411.60,12.0405,2.3323,2.0000,1.5556,止盈,528.2930
2026-01-06 23:30,2026-01-06 23:30,94133.30,93526.00,93526.00,95347.90,-11.8046,-2.2345,-1.0000,1.5798,止损,516.4884
2026-01-07 04:45,2026-01-07 05:15,92644.10,93835.50,92048.40,93835.50,18.3666,3.5561,2.0000,1.5594,止盈,534.8551
2026-01-07 10:45,2026-01-07 17:15,92924.00,92248.50,92248.50,94275.00,-13.2629,-2.4797,-1.0000,1.5987,止损,521.5921
2026-01-08 07:00,2026-01-08 10:30,91180.40,90877.40,90877.40,91786.40,-6.7621,-1.2964,-1.0000,1.5622,止损,514.8301
2026-01-08 13:15,2026-01-08 14:00,91094.50,90615.20,90615.20,92053.10,-9.6669,-1.8777,-1.0000,1.5404,止损,505.1632
2026-01-09 05:00,2026-01-09 09:30,90924.50,91624.90,90574.30,91624.90,10.1526,2.0098,2.0000,1.5213,止盈,515.3159
2026-01-09 10:15,2026-01-09 15:45,91443.90,90855.20,90855.20,92621.30,-11.4935,-2.2304,-1.0000,1.5410,止损,503.8223
2026-01-12 00:15,2026-01-12 00:30,90889.80,91246.60,90711.40,91246.60,4.4190,0.8771,2.0000,1.5144,止盈,508.2414
2026-01-13 02:00,2026-01-13 05:45,91522.60,91007.10,91007.10,92553.60,-10.1084,-1.9889,-1.0000,1.5204,止损,498.1330
2026-01-13 08:30,2026-01-13 09:30,91448.20,91076.50,91076.50,92191.60,-7.5655,-1.5188,-1.0000,1.4914,止损,490.5675
2026-01-13 11:30,2026-01-13 13:15,91389.90,91965.30,91102.20,91965.30,7.7897,1.5879,2.0000,1.4763,止盈,498.3571
2026-01-13 19:00,2026-01-13 20:00,92134.50,91940.70,91940.70,92522.10,-4.6383,-0.9307,-1.0000,1.4935,止损,493.7188
2026-01-13 20:30,2026-01-13 21:30,92074.30,92390.50,91916.20,92390.50,3.6029,0.7297,2.0000,1.4837,止盈,497.3217
2026-01-13 22:30,2026-01-14 00:45,92430.60,93711.80,91790.00,93711.80,19.1781,3.8563,2.0000,1.5023,止盈,516.4998
2026-01-14 16:00,2026-01-14 22:45,95201.90,96562.30,94521.70,96562.30,20.5812,3.9847,2.0000,1.5606,止盈,537.0810
2026-01-15 03:00,2026-01-15 10:30,96806.30,96229.50,96229.50,97959.90,-11.2067,-2.0866,-1.0000,1.6064,止损,525.8743
2026-01-15 13:45,2026-01-15 22:30,96433.00,96022.10,96022.10,97254.80,-8.2965,-1.5777,-1.0000,1.5743,止损,517.5778
2026-01-16 00:45,2026-01-16 03:30,96785.90,95451.00,95451.00,99455.70,-22.9578,-4.4356,-1.0000,1.5420,止损,494.6200
2026-01-16 08:15,2026-01-16 10:15,95666.90,95408.90,95408.90,96182.90,-5.4836,-1.1087,-1.0000,1.4819,止损,489.1364
2026-01-16 13:45,2026-01-16 23:00,95599.40,95160.00,95160.00,96478.20,-8.2086,-1.6782,-1.0000,1.4640,止损,480.9278
2026-01-17 02:00,2026-01-19 07:30,95084.40,94567.10,94567.10,96119.00,-9.2882,-1.9313,-1.0000,1.4389,止损,471.6396
2026-03-03 08:45,2026-03-03 10:00,69097.50,68643.10,68643.10,70006.30,-10.7151,-2.2719,-1.0000,1.4103,止损,460.9245
2026-03-03 20:15,2026-03-03 21:45,67740.10,66709.10,66709.10,69802.10,-22.4180,-4.8637,-1.0000,1.3723,止损,438.5065
2026-03-03 23:45,2026-03-04 16:45,67522.50,70268.50,66149.50,70268.50,52.1572,11.8943,2.0000,1.3423,止盈,490.6637
2026-03-05 05:45,2026-03-05 06:30,73230.60,72879.60,72879.60,73932.60,-8.5238,-1.7372,-1.0000,1.4685,止损,482.1399
2026-03-05 09:15,2026-03-05 09:45,73122.90,72546.40,72546.40,74275.90,-12.8443,-2.6640,-1.0000,1.4407,止损,469.2956
2026-03-05 12:30,2026-03-05 13:45,72798.80,72351.00,72351.00,73694.40,-10.0638,-2.1444,-1.0000,1.4036,止损,459.2318
2026-03-05 15:15,2026-03-05 15:45,72646.90,72041.60,72041.60,73857.50,-12.8510,-2.7984,-1.0000,1.3720,止损,446.3808
2026-03-05 17:15,2026-03-05 23:00,72619.20,71753.90,71753.90,74349.80,-17.2878,-3.8729,-1.0000,1.3312,止损,429.0930
2026-03-06 05:00,2026-03-06 07:45,71241.70,70843.70,70843.70,72037.70,-8.4752,-1.9751,-1.0000,1.2837,止损,420.6178
2026-03-06 11:30,2026-03-06 12:00,71172.50,71000.00,71000.00,71517.50,-4.3187,-1.0267,-1.0000,1.2603,止损,416.2991
2026-03-06 15:30,2026-03-06 19:45,70873.50,70272.00,70272.00,72076.50,-11.8429,-2.8448,-1.0000,1.2436,止损,404.4562
2026-03-10 21:15,2026-03-10 21:30,70750.70,70294.60,70294.60,71662.90,-9.0315,-2.2330,-1.0000,1.2095,止损,395.4246
2026-03-11 08:15,2026-03-11 11:15,70053.00,69572.40,69572.40,71014.20,-9.3207,-2.3571,-1.0000,1.1822,止损,386.1040
2026-03-11 12:30,2026-03-11 13:30,69983.90,69491.70,69491.70,70968.30,-9.3007,-2.4089,-1.0000,1.1542,止损,376.8033
2026-03-11 14:45,2026-03-11 17:30,69832.10,69416.00,69416.00,70664.30,-7.8627,-2.0867,-1.0000,1.1270,止损,368.9406
2026-03-11 18:45,2026-03-11 19:45,69684.40,69370.30,69370.30,70312.60,-6.0933,-1.6516,-1.0000,1.1043,止损,362.8473
2026-03-11 21:15,2026-03-13 08:15,69860.00,71625.20,68977.40,71625.20,26.4026,7.2765,2.0000,1.1023,止盈,389.2499
2026-03-13 11:45,2026-03-13 13:30,71151.20,71530.00,70961.80,71530.00,5.0461,1.2964,2.0000,1.1709,止盈,394.2960
2026-03-13 15:00,2026-03-13 15:45,71345.90,71672.50,71182.60,71672.50,4.2293,1.0726,2.0000,1.1856,止盈,398.5253
2026-03-14 11:15,2026-03-14 14:15,70997.90,70739.00,70739.00,71515.70,-5.5532,-1.3934,-1.0000,1.1934,止损,392.9722
2026-03-14 19:15,2026-03-15 07:45,70673.00,71243.60,70387.70,71243.60,8.3347,2.1209,2.0000,1.1837,止盈,401.3068
2026-03-15 23:00,2026-03-16 06:00,71624.30,72306.70,71283.10,72306.70,10.2607,2.5568,2.0000,1.2097,止盈,411.5675
2026-03-16 18:30,2026-03-16 21:30,73438.10,74196.30,73059.00,74196.30,11.5064,2.7958,2.0000,1.2411,止盈,423.0740
2026-03-16 23:30,2026-03-17 09:00,73839.60,75518.80,73000.00,75518.80,27.5800,6.5189,2.0000,1.2837,止盈,450.6539
2026-03-17 15:30,2026-03-17 17:45,74406.20,73900.40,73900.40,75417.80,-10.5378,-2.3383,-1.0000,1.3474,止损,440.1161
2026-03-17 19:45,2026-03-17 21:45,74115.10,73574.20,73574.20,75196.90,-10.9516,-2.4883,-1.0000,1.3155,止损,429.1646
2026-03-17 22:30,2026-03-18 19:30,73896.30,73389.00,73389.00,74910.90,-10.1218,-2.3585,-1.0000,1.2831,止损,419.0428
2026-04-06 22:30,2026-04-07 00:45,69546.80,70315.80,69162.30,70315.80,12.6364,3.0155,2.0000,1.2641,止盈,431.6792
2026-04-07 02:15,2026-04-07 06:30,69749.90,69269.20,69269.20,70711.30,-10.2157,-2.3665,-1.0000,1.2906,止损,421.4635
2026-04-07 16:15,2026-04-07 17:00,68733.50,69200.50,68500.00,69200.50,7.3220,1.7373,2.0000,1.2687,止盈,428.7856
2026-04-07 21:15,2026-04-07 22:00,68619.90,68074.80,68074.80,69710.10,-11.4998,-2.6819,-1.0000,1.2812,止损,417.2858
2026-04-08 00:30,2026-04-08 05:00,68388.80,69706.20,67730.10,69706.20,22.8511,5.4761,2.0000,1.2639,止盈,440.1369
2026-04-08 18:00,2026-04-08 18:00,71689.10,71600.00,71600.00,71867.30,-2.9607,-0.6727,-1.0000,1.3196,止损,437.1762
2026-04-08 19:30,2026-04-08 19:30,71667.50,71455.90,71455.90,72090.70,-5.1819,-1.1853,-1.0000,1.3096,止损,431.9943
2026-04-08 20:00,2026-04-08 21:00,71687.50,72241.90,71410.30,72241.90,8.7216,2.0189,2.0000,1.3010,止盈,440.7159
2026-04-09 01:00,2026-04-09 02:45,71599.50,71105.90,71105.90,72586.70,-10.4323,-2.3671,-1.0000,1.3176,止损,430.2835
2026-04-09 04:15,2026-04-09 07:00,71433.60,71016.20,71016.20,72268.40,-8.8298,-2.0521,-1.0000,1.2871,止损,421.4538
2026-04-09 10:30,2026-04-09 23:30,71023.50,72144.30,70463.10,72144.30,18.6782,4.4318,2.0000,1.2743,止盈,440.1319
2026-04-10 03:45,2026-04-10 06:15,72113.10,72863.10,71738.10,72863.10,12.4053,2.8185,2.0000,1.3273,止盈,452.5372
2026-04-10 09:45,2026-04-10 15:45,72304.00,71585.10,71585.10,73741.80,-14.8492,-3.2813,-1.0000,1.3509,止损,437.6880
2026-04-10 17:45,2026-04-10 20:30,71810.20,72424.00,71503.30,72424.00,9.9048,2.2630,2.0000,1.3187,止盈,447.5928
2026-04-10 22:00,2026-04-10 23:15,72315.40,73146.20,71900.00,73146.20,14.0761,3.1448,2.0000,1.3505,止盈,461.6689
2026-04-11 00:15,2026-04-11 04:30,72701.00,73394.80,72354.10,73394.80,11.8258,2.5615,2.0000,1.3916,止盈,473.4946
2026-04-11 10:00,2026-04-11 14:00,72959.70,72673.90,72673.90,73531.30,-6.9821,-1.4746,-1.0000,1.4177,止损,466.5126
2026-04-11 17:30,2026-04-11 21:00,72866.70,72625.10,72625.10,73349.90,-6.0376,-1.2942,-1.0000,1.3972,止损,460.4750
2026-04-11 23:45,2026-04-12 00:30,72773.40,73091.00,72614.60,73091.00,4.6444,1.0086,2.0000,1.3844,止盈,465.1194
2026-04-12 05:15,2026-04-12 07:00,73423.00,73207.00,73207.00,73855.00,-5.4983,-1.1821,-1.0000,1.3933,止损,459.6211
2026-04-13 01:45,2026-04-13 04:30,71018.50,71418.30,70818.60,71418.30,6.3796,1.3880,2.0000,1.3827,止盈,466.0007
2026-04-13 08:30,2026-04-13 16:45,70979.50,70575.00,70575.00,71788.50,-9.3610,-2.0088,-1.0000,1.3940,止损,456.6397
2026-04-13 19:15,2026-04-13 21:15,70877.10,71257.10,70687.10,71257.10,5.9711,1.3076,2.0000,1.3736,止盈,462.6108
2026-04-14 14:15,2026-04-14 15:00,74334.20,74688.80,74156.90,74688.80,5.2293,1.1304,2.0000,1.3911,止盈,467.8401
2026-04-14 18:15,2026-04-14 18:30,74548.20,74425.20,74425.20,74794.20,-3.7181,-0.7947,-1.0000,1.4024,止损,464.1220
2026-04-14 21:00,2026-04-14 21:30,74462.60,74824.80,74281.50,74824.80,5.3770,1.1585,2.0000,1.3958,止盈,469.4990
2026-04-14 23:45,2026-04-15 00:45,75283.10,74560.00,74560.00,76729.30,-14.9305,-3.1801,-1.0000,1.4017,止损,454.5686
2026-04-15 08:15,2026-04-15 13:30,74554.70,73964.90,73964.90,75734.30,-12.1465,-2.6721,-1.0000,1.3583,止损,442.4220
2026-04-15 16:45,2026-04-16 06:30,74107.00,75306.80,73507.10,75306.80,20.1506,4.5546,2.0000,1.3380,止盈,462.5726
2026-04-16 08:00,2026-04-16 08:00,74812.50,74611.50,74611.50,75214.50,-5.1143,-1.1056,-1.0000,1.3859,止损,457.4583
2026-04-16 08:45,2026-04-16 18:00,74763.20,74447.30,74447.30,75395.00,-7.1682,-1.5670,-1.0000,1.3695,止损,450.2901
2026-04-16 20:15,2026-04-16 21:45,74746.90,74285.70,74285.70,75669.30,-9.6818,-2.1501,-1.0000,1.3467,止损,440.6083
2026-04-16 23:45,2026-04-17 21:00,74553.40,76803.20,73428.50,76803.20,38.5470,8.7486,2.0000,1.3418,止盈,479.1553
2026-04-18 01:45,2026-04-18 02:00,77452.60,77100.20,77100.20,78157.40,-7.9745,-1.6643,-1.0000,1.4342,止损,471.1808
2026-04-18 02:45,2026-04-18 03:00,77369.20,77070.10,77070.10,77967.40,-6.8754,-1.4592,-1.0000,1.4108,止损,464.3054
2026-04-18 03:45,2026-04-18 07:15,77355.60,77000.00,77000.00,78066.80,-7.7929,-1.6784,-1.0000,1.3897,止损,456.5125
2026-04-18 09:15,2026-04-18 11:45,77315.10,76986.30,76986.30,77972.70,-7.1909,-1.5752,-1.0000,1.3666,止损,449.3216
2026-04-18 13:15,2026-04-18 16:00,77199.20,76875.00,76875.00,77847.60,-7.0059,-1.5592,-1.0000,1.3451,止损,442.3157
2026-04-18 23:00,2026-04-19 00:15,76263.80,75801.00,75801.00,77189.40,-9.3754,-2.1196,-1.0000,1.3229,止损,432.9403
2026-04-19 06:00,2026-04-19 08:15,75816.60,75592.10,75592.10,76265.60,-5.1428,-1.1879,-1.0000,1.2969,止损,427.7975
2026-04-19 12:15,2026-04-19 14:15,75704.80,75363.60,75363.60,76387.20,-7.0647,-1.6514,-1.0000,1.2805,止损,420.7328
2026-04-19 19:00,2026-04-19 21:15,75224.30,75820.90,74926.00,75820.90,8.7432,2.0781,2.0000,1.2672,止盈,429.4760
2026-04-20 00:00,2026-04-20 00:45,75851.10,75393.00,75393.00,76767.30,-9.0660,-2.1109,-1.0000,1.2845,止损,420.4100
2026-04-20 14:45,2026-04-21 02:00,74786.70,76140.10,74110.00,76140.10,21.5516,5.1263,2.0000,1.2726,止盈,441.9616
2026-04-21 06:15,2026-04-21 07:00,76066.20,75782.20,75782.20,76634.20,-6.2737,-1.4195,-1.0000,1.3234,止损,435.6879
2026-04-21 09:00,2026-04-21 10:30,76097.10,75635.00,75635.00,77021.30,-9.2402,-2.1208,-1.0000,1.3031,止损,426.4476
2026-04-21 13:00,2026-04-21 16:30,75822.10,76466.30,75500.00,76466.30,9.5848,2.2476,2.0000,1.2848,止盈,436.0324
2026-04-21 20:30,2026-04-21 20:30,76382.10,76250.00,76250.00,76646.30,-3.5693,-0.8186,-1.0000,1.3070,止损,432.4632
2026-04-21 22:45,2026-04-21 22:45,76461.90,75706.10,75706.10,77973.50,-14.1152,-3.2639,-1.0000,1.2910,止损,418.3479
2026-04-22 03:30,2026-04-22 03:30,75779.40,75310.50,75310.50,76717.20,-9.0170,-2.1554,-1.0000,1.2512,止损,409.3309
2026-04-22 04:30,2026-04-22 10:30,75649.80,77298.20,74825.60,77298.20,25.5164,6.2337,2.0000,1.2414,止盈,434.8474
2026-04-23 01:15,2026-04-23 04:15,78982.90,78631.00,78631.00,79686.70,-7.1139,-1.6360,-1.0000,1.3016,止损,427.7335
2026-04-23 05:45,2026-04-23 07:15,78750.00,78408.90,78408.90,79432.20,-6.8385,-1.5988,-1.0000,1.2804,止损,420.8950
2026-04-23 14:00,2026-04-23 16:30,78027.50,77772.30,77772.30,78537.90,-5.3904,-1.2807,-1.0000,1.2606,止损,415.5046
2026-04-23 20:00,2026-04-23 23:15,77698.30,78497.90,77298.50,78497.90,11.5751,2.7858,2.0000,1.2529,止盈,427.0796
2026-04-24 02:15,2026-04-27 23:15,77968.10,76953.80,76953.80,79996.70,-17.9408,-4.2008,-1.0000,1.2729,止损,409.1389
2026-04-28 04:30,2026-04-28 15:15,76999.90,76450.00,76450.00,78099.70,-9.9887,-2.4414,-1.0000,1.2230,止损,399.1501
2026-04-28 17:00,2026-04-28 17:45,76856.10,76630.40,76630.40,77307.50,-4.7122,-1.1806,-1.0000,1.1957,止损,394.4380
2026-05-02 04:00,2026-05-02 04:00,78363.80,78314.30,78314.30,78462.80,-1.9304,-0.4894,-1.0000,1.1829,止损,392.5076
2026-05-02 06:15,2026-05-04 06:00,78271.70,79315.10,77750.00,79315.10,14.5116,3.6971,2.0000,1.1854,止盈,407.0191
2026-05-04 09:45,2026-05-04 09:45,78791.60,79807.60,78283.60,79807.60,14.5163,3.5665,2.0000,1.2289,止盈,421.5355
2026-05-04 15:00,2026-05-04 18:00,79872.00,79499.90,79499.90,80616.20,-7.1531,-1.6969,-1.0000,1.2617,止损,414.3824
2026-05-04 22:30,2026-05-05 01:45,79240.00,80720.00,78500.00,80720.00,21.9640,5.3004,2.0000,1.2548,止盈,436.3464
2026-05-05 04:00,2026-05-05 07:30,80050.90,79869.60,79869.60,80413.50,-4.2723,-0.9791,-1.0000,1.3076,止损,432.0741
2026-05-05 08:45,2026-05-05 10:30,80081.70,80741.30,79751.90,80741.30,9.3749,2.1697,2.0000,1.3016,止盈,441.4490
2026-05-05 18:45,2026-05-05 21:00,80827.80,81428.00,80527.70,81428.00,8.5049,1.9266,2.0000,1.3293,止盈,449.9539
2026-05-05 22:30,2026-05-06 06:30,81403.00,80950.00,80950.00,82309.00,-8.8580,-1.9686,-1.0000,1.3461,止损,441.0960
2026-05-06 09:30,2026-05-06 18:30,81237.10,82265.70,80722.80,82265.70,15.4234,3.4966,2.0000,1.3317,止盈,456.5194
2026-05-07 04:15,2026-05-07 07:00,81625.80,81188.00,81188.00,82501.40,-8.7115,-1.9082,-1.0000,1.3659,止损,447.8079
2026-05-07 08:00,2026-05-07 08:30,81440.30,80997.00,80997.00,82326.90,-8.6524,-1.9322,-1.0000,1.3398,止损,439.1555
2026-05-07 13:15,2026-05-07 18:15,81117.00,80723.00,80723.00,81905.00,-7.7134,-1.7564,-1.0000,1.3143,止损,431.4421
2026-05-07 20:15,2026-05-07 21:30,81087.40,80787.00,80787.00,81688.20,-6.0869,-1.4108,-1.0000,1.2919,止损,425.3551
2026-05-08 02:15,2026-05-08 10:15,80164.10,79501.00,79501.00,81490.30,-11.8261,-2.7803,-1.0000,1.2708,止损,413.5290
2026-05-08 13:45,2026-05-08 14:00,79743.60,79553.60,79553.60,80123.60,-4.1950,-1.0144,-1.0000,1.2391,止损,409.3340
2026-05-08 23:45,2026-05-09 12:00,79966.60,80649.60,79625.10,80649.60,9.2552,2.2610,2.0000,1.2332,止盈,418.5892
2026-05-09 14:15,2026-05-09 14:15,80422.90,80358.40,80358.40,80551.90,-2.2624,-0.5405,-1.0000,1.2553,止损,416.3268
2026-05-09 16:15,2026-05-10 02:15,80396.10,80931.10,80128.60,80931.10,7.0583,1.6954,2.0000,1.2531,止盈,423.3851
2026-05-10 06:00,2026-05-10 06:00,80783.60,80741.90,80741.90,80867.00,-1.9255,-0.4548,-1.0000,1.2698,止损,421.4596
2026-05-10 06:45,2026-05-10 07:15,80812.00,80672.80,80672.80,81090.40,-3.4412,-0.8165,-1.0000,1.2633,止损,418.0184
2026-05-10 10:30,2026-05-10 23:00,80735.00,81091.00,80557.00,81091.00,4.2729,1.0222,2.0000,1.2568,止盈,422.2913
2026-05-11 09:30,2026-05-11 10:15,81621.40,81272.20,81272.20,82319.80,-6.6842,-1.5828,-1.0000,1.2642,止损,415.6071
2026-05-11 14:30,2026-05-11 14:45,80994.80,80768.30,80768.30,81447.80,-4.7318,-1.1385,-1.0000,1.2451,止损,410.8753
2026-05-11 17:15,2026-05-11 22:30,80927.50,80615.70,80615.70,81551.10,-5.9794,-1.4553,-1.0000,1.2303,止损,404.8960
2026-05-11 23:30,2026-05-12 21:45,81344.80,80460.30,80460.30,83113.80,-14.4160,-3.5604,-1.0000,1.2081,止损,390.4800
2026-05-12 22:45,2026-05-12 23:15,80787.70,80389.40,80389.40,81584.30,-6.9440,-1.7783,-1.0000,1.1686,止损,383.5360
2026-05-13 01:45,2026-05-13 21:30,80507.20,79839.90,79839.90,81841.80,-10.6829,-2.7854,-1.0000,1.1458,止损,372.8531
2026-05-15 05:00,2026-05-15 07:45,81420.70,81143.00,81143.00,81976.10,-4.9317,-1.3227,-1.0000,1.1167,止损,367.9214
2026-05-15 08:15,2026-05-15 10:00,81476.90,81053.00,81053.00,82324.70,-6.8434,-1.8600,-1.0000,1.1009,止损,361.0780
2026-05-15 11:00,2026-05-15 12:45,81295.40,80740.00,80740.00,82406.20,-8.4801,-2.3485,-1.0000,1.0795,止损,352.5979
2026-05-15 15:30,2026-05-15 21:00,80917.50,80306.80,80306.80,82138.90,-9.0372,-2.5630,-1.0000,1.0538,止损,343.5608
